ISO-10303-21;
HEADER;
FILE_DESCRIPTION (( 'STEP AP203' ),
    '1' );
FILE_NAME ('JGB37支架.STEP',
    '2022-03-24T06:50:06',
    ( '' ),
    ( '' ),
    'SwSTEP 2.0',
    'SolidWorks 2020',
    '' );
FILE_SCHEMA (( 'CONFIG_CONTROL_DESIGN' ));
ENDSEC;

DATA;
#1 = ORIENTED_EDGE ( 'NONE', *, *, #1355, .T. ) ;
#2 = CYLINDRICAL_SURFACE ( 'NONE', #348, 1.749999999999999778 ) ;
#3 = CARTESIAN_POINT ( 'NONE',  ( 10.89999999999987423, 13.57660624134113192, 0.000000000000000000 ) ) ;
#4 = ORIENTED_EDGE ( 'NONE', *, *, #495, .F. ) ;
#5 = DIRECTION ( 'NONE',  ( -1.000000000000000000, -0.000000000000000000, -0.000000000000000000 ) ) ;
#6 = DATE_TIME_ROLE ( 'classification_date' ) ;
#7 = EDGE_CURVE ( 'NONE', #1536, #1001, #563, .T. ) ;
#8 = AXIS2_PLACEMENT_3D ( 'NONE', #299, #583, #855 ) ;
#9 = ORIENTED_EDGE ( 'NONE', *, *, #1307, .F. ) ;
#10 = DIRECTION ( 'NONE',  ( 1.000000000000000000, 0.000000000000000000, 0.000000000000000000 ) ) ;
#11 = EDGE_LOOP ( 'NONE', ( #1387, #595 ) ) ;
#12 = CARTESIAN_POINT ( 'NONE',  ( 19.00000000000000000, 3.000000000000001332, -41.50000000000000000 ) ) ;
#13 = EDGE_CURVE ( 'NONE', #271, #1022, #1248, .T. ) ;
#14 = VERTEX_POINT ( 'NONE', #443 ) ;
#15 = EDGE_CURVE ( 'NONE', #1408, #1586, #871, .T. ) ;
#16 = VERTEX_POINT ( 'NONE', #958 ) ;
#17 = CARTESIAN_POINT ( 'NONE',  ( -1.653273178848926275E-15, 34.00000000000000000, -10.00000000000000000 ) ) ;
#18 = APPROVAL ( #1329, '未指定' ) ;
#19 = EDGE_LOOP ( 'NONE', ( #700, #678, #1685, #561, #1194 ) ) ;
#20 = PLANE ( 'NONE',  #966 ) ;
#21 = MANIFOLD_SOLID_BREP ( '打孔尺寸(%根据)内六角花形半沉头螺钉的类型1', #950 ) ;
#22 = EDGE_LOOP ( 'NONE', ( #727, #351 ) ) ;
#23 = AXIS2_PLACEMENT_3D ( 'NONE', #129, #143, #671 ) ;
#24 = CIRCLE ( 'NONE', #1106, 1.750000000000001554 ) ;
#25 = EDGE_LOOP ( 'NONE', ( #1070, #527, #1583, #612 ) ) ;
#26 = ORIENTED_EDGE ( 'NONE', *, *, #1533, .F. ) ;
#27 = CARTESIAN_POINT ( 'NONE',  ( -4.600000000000152411, 13.57660624134129712, 0.000000000000000000 ) ) ;
#28 = EDGE_CURVE ( 'NONE', #1022, #955, #454, .T. ) ;
#29 = CARTESIAN_POINT ( 'NONE',  ( 0.000000000000000000, 27.00000000000000000, 0.000000000000000000 ) ) ;
#30 = DIRECTION ( 'NONE',  ( 1.000000000000000000, 0.000000000000000000, 0.000000000000000000 ) ) ;
#31 = FACE_OUTER_BOUND ( 'NONE', #1633, .T. ) ;
#32 = ORIENTED_EDGE ( 'NONE', *, *, #853, .T. ) ;
#33 = DIRECTION ( 'NONE',  ( 0.000000000000000000, -1.827831043503509070E-18, 1.000000000000000000 ) ) ;
#34 = AXIS2_PLACEMENT_3D ( 'NONE', #640, #793, #1468 ) ;
#35 = ORIENTED_EDGE ( 'NONE', *, *, #1036, .F. ) ;
#36 = CARTESIAN_POINT ( 'NONE',  ( -7.749999999999978684, 40.42339375865881834, 0.000000000000000000 ) ) ;
#37 = AXIS2_PLACEMENT_3D ( 'NONE', #1560, #1299, #353 ) ;
#38 = ADVANCED_FACE ( 'NONE', ( #327 ), #1681, .F. ) ;
#39 = DIRECTION ( 'NONE',  ( -0.7071067811865481278, 8.659560562354940254E-17, 0.7071067811865470176 ) ) ;
#40 = DIRECTION ( 'NONE',  ( 1.000000000000000000, 0.000000000000000000, 0.000000000000000000 ) ) ;
#41 = VERTEX_POINT ( 'NONE', #976 ) ;
#42 = DIRECTION ( 'NONE',  ( 0.000000000000000000, 0.000000000000000000, -1.000000000000000000 ) ) ;
#43 = ORIENTED_EDGE ( 'NONE', *, *, #750, .T. ) ;
#44 = DIRECTION ( 'NONE',  ( -0.000000000000000000, -1.000000000000000000, -1.827831043503507915E-18 ) ) ;
#45 = ORIENTED_EDGE ( 'NONE', *, *, #396, .F. ) ;
#46 = CARTESIAN_POINT ( 'NONE',  ( -6.500000000000000888, 20.00000000000000000, 0.000000000000000000 ) ) ;
#47 = DIRECTION ( 'NONE',  ( 0.000000000000000000, -1.000000000000000000, -1.827831043503507915E-18 ) ) ;
#48 = CARTESIAN_POINT ( 'NONE',  ( 20.00000000000000000, 3.500000000000000444, -3.500000000000001332 ) ) ;
#49 = CARTESIAN_POINT ( 'NONE',  ( 15.00000000000000000, 10.00000000000000000, -34.49999999999999289 ) ) ;
#50 = EDGE_CURVE ( 'NONE', #879, #1424, #1116, .T. ) ;
#51 = CIRCLE ( 'NONE', #911, 3.149999999999999911 ) ;
#52 = ORIENTED_EDGE ( 'NONE', *, *, #1049, .F. ) ;
#53 = DIRECTION ( 'NONE',  ( 1.000000000000000000, 0.000000000000000000, 0.000000000000000000 ) ) ;
#54 = ORIENTED_EDGE ( 'NONE', *, *, #1321, .T. ) ;
#55 = DIRECTION ( 'NONE',  ( 1.000000000000000000, 0.000000000000000000, 0.000000000000000000 ) ) ;
#56 = DIRECTION ( 'NONE',  ( 1.000000000000000000, 0.000000000000000000, 0.000000000000000000 ) ) ;
#57 = LINE ( 'NONE', #1230, #996 ) ;
#58 = DIRECTION ( 'NONE',  ( 0.7071067811865477948, 0.000000000000000000, 0.7071067811865473507 ) ) ;
#59 = EDGE_CURVE ( 'NONE', #641, #41, #368, .T. ) ;
#60 = CARTESIAN_POINT ( 'NONE',  ( -15.00000000000000000, 3.000000000000000000, -10.49999999999999467 ) ) ;
#61 = ORIENTED_EDGE ( 'NONE', *, *, #863, .T. ) ;
#62 = DIRECTION ( 'NONE',  ( 0.000000000000000000, 0.000000000000000000, -1.000000000000000000 ) ) ;
#63 = LINE ( 'NONE', #580, #1566 ) ;
#64 = VECTOR ( 'NONE', #1009, 1000.000000000000000 ) ;
#65 = LINE ( 'NONE', #1107, #146 ) ;
#66 = DIRECTION ( 'NONE',  ( 1.000000000000000000, 0.000000000000000000, 0.000000000000000000 ) ) ;
#67 = VECTOR ( 'NONE', #1237, 1000.000000000000000 ) ;
#68 = AXIS2_PLACEMENT_3D ( 'NONE', #550, #1246, #1086 ) ;
#69 = FACE_OUTER_BOUND ( 'NONE', #1643, .T. ) ;
#70 = LINE ( 'NONE', #584, #936 ) ;
#71 = ORIENTED_EDGE ( 'NONE', *, *, #919, .T. ) ;
#72 = DIRECTION ( 'NONE',  ( -0.000000000000000000, -0.000000000000000000, 1.000000000000000000 ) ) ;
#73 = ADVANCED_FACE ( 'NONE', ( #1390 ), #338, .F. ) ;
#74 = EDGE_CURVE ( 'NONE', #229, #473, #197, .T. ) ;
#75 = VERTEX_POINT ( 'NONE', #170 ) ;
#76 = LINE ( 'NONE', #626, #927 ) ;
#77 = DIRECTION ( 'NONE',  ( 0.000000000000000000, -1.000000000000000000, -2.593369692312041346E-17 ) ) ;
#78 = CARTESIAN_POINT ( 'NONE',  ( 4.599999999999875300, 13.57660624134113192, 0.000000000000000000 ) ) ;
#79 =( LENGTH_UNIT ( ) NAMED_UNIT ( * ) SI_UNIT ( .MILLI., .METRE. ) );
#80 = EDGE_LOOP ( 'NONE', ( #1622, #1692 ) ) ;
#81 = VECTOR ( 'NONE', #1195, 1000.000000000000000 ) ;
#82 = DIRECTION ( 'NONE',  ( -0.000000000000000000, -0.000000000000000000, 1.000000000000000000 ) ) ;
#83 = AXIS2_PLACEMENT_3D ( 'NONE', #529, #1318, #1569 ) ;
#84 = CIRCLE ( 'NONE', #1278, 1.599999999999998979 ) ;
#85 = ADVANCED_FACE ( 'NONE', ( #1219 ), #724, .F. ) ;
#86 = ORIENTED_EDGE ( 'NONE', *, *, #1488, .F. ) ;
#87 = LINE ( 'NONE', #1153, #620 ) ;
#88 = SECURITY_CLASSIFICATION ( '', '', #517 ) ;
#89 = CARTESIAN_POINT ( 'NONE',  ( 20.00000000000000000, 3.000000000000001332, -42.50000000000000000 ) ) ;
#90 = LINE ( 'NONE', #1680, #758 ) ;
#91 = ORIENTED_EDGE ( 'NONE', *, *, #1049, .T. ) ;
#92 = ORIENTED_EDGE ( 'NONE', *, *, #683, .T. ) ;
#93 = EDGE_LOOP ( 'NONE', ( #933, #795, #774, #740 ) ) ;
#94 = DIRECTION ( 'NONE',  ( 1.000000000000000000, 0.000000000000000000, 0.000000000000000000 ) ) ;
#95 = LINE ( 'NONE', #997, #467 ) ;
#96 = EDGE_CURVE ( 'NONE', #1287, #421, #420, .T. ) ;
#97 = CIRCLE ( 'NONE', #1428, 1.749999999999999778 ) ;
#98 = DIRECTION ( 'NONE',  ( 0.000000000000000000, 0.000000000000000000, -1.000000000000000000 ) ) ;
#99 = AXIS2_PLACEMENT_3D ( 'NONE', #269, #775, #1708 ) ;
#100 = CARTESIAN_POINT ( 'NONE',  ( -20.00000000000000000, 27.00000000000000000, -3.000000000000000000 ) ) ;
#101 = ORIENTED_EDGE ( 'NONE', *, *, #1147, .T. ) ;
#102 = PRODUCT_DEFINITION ( '未知', '', #409, #417 ) ;
#103 = ORIENTED_EDGE ( 'NONE', *, *, #1369, .T. ) ;
#104 = CARTESIAN_POINT ( 'NONE',  ( -6.500000000000002665, 34.00000000000000000, 0.000000000000000000 ) ) ;
#105 = DIRECTION ( 'NONE',  ( 0.000000000000000000, 0.000000000000000000, -1.000000000000000000 ) ) ;
#106 = DIRECTION ( 'NONE',  ( 0.000000000000000000, 0.000000000000000000, -1.000000000000000000 ) ) ;
#107 = EDGE_CURVE ( 'NONE', #439, #1208, #1341, .T. ) ;
#108 = AXIS2_PLACEMENT_3D ( 'NONE', #1703, #1066, #1596 ) ;
#109 = EDGE_LOOP ( 'NONE', ( #1717, #549, #1095, #1257 ) ) ;
#110 = CARTESIAN_POINT ( 'NONE',  ( -20.00000000000000000, 0.000000000000000000, 0.000000000000000000 ) ) ;
#111 = VECTOR ( 'NONE', #1423, 1000.000000000000000 ) ;
#112 = CARTESIAN_POINT ( 'NONE',  ( -20.00000000000000000, 3.500000000000000444, -3.500000000000001332 ) ) ;
#113 = LOCAL_TIME ( 14, 50, 6.000000000000000000, #402 ) ;
#114 = CARTESIAN_POINT ( 'NONE',  ( -6.500000000000002665, 0.000000000000000000, -3.000000000000000000 ) ) ;
#115 = APPLICATION_CONTEXT ( 'configuration controlled 3d designs of mechanical parts and assemblies' ) ;
#116 = COORDINATED_UNIVERSAL_TIME_OFFSET ( 8, 0, .AHEAD. ) ;
#117 = EDGE_CURVE ( 'NONE', #1586, #168, #65, .T. ) ;
#118 = ORIENTED_EDGE ( 'NONE', *, *, #1369, .F. ) ;
#119 = DIRECTION ( 'NONE',  ( -0.000000000000000000, -1.000000000000000000, -1.827831043503507915E-18 ) ) ;
#120 = FACE_BOUND ( 'NONE', #80, .T. ) ;
#121 = CARTESIAN_POINT ( 'NONE',  ( 6.499999999999997335, 34.00000000000000000, -10.00000000000000000 ) ) ;
#122 = VECTOR ( 'NONE', #1374, 1000.000000000000000 ) ;
#123 = APPROVAL_ROLE ( '' ) ;
#124 = ORIENTED_EDGE ( 'NONE', *, *, #203, .T. ) ;
#125 = FACE_OUTER_BOUND ( 'NONE', #415, .T. ) ;
#126 = ADVANCED_FACE ( 'NONE', ( #1380, #713, #1637, #1522, #591 ), #995, .T. ) ;
#127 = CARTESIAN_POINT ( 'NONE',  ( 7.749999999999874767, 13.57660624134113192, 0.000000000000000000 ) ) ;
#128 = ORIENTED_EDGE ( 'NONE', *, *, #1719, .T. ) ;
#129 = CARTESIAN_POINT ( 'NONE',  ( 7.750000000000062172, 40.42339375865876860, -10.00000000000000000 ) ) ;
#130 = PERSON_AND_ORGANIZATION ( #807, #1502 ) ;
#131 = VERTEX_POINT ( 'NONE', #1539 ) ;
#132 = CARTESIAN_POINT ( 'NONE',  ( -15.00000000000000000, 1.919222595678682656E-17, -10.49999999999999467 ) ) ;
#133 = CARTESIAN_POINT ( 'NONE',  ( 7.750000000000062172, 40.42339375865876860, -1.549999999999998934 ) ) ;
#134 = AXIS2_PLACEMENT_3D ( 'NONE', #627, #1016, #66 ) ;
#135 = EDGE_CURVE ( 'NONE', #858, #271, #809, .T. ) ;
#136 = EDGE_LOOP ( 'NONE', ( #228, #1322 ) ) ;
#137 = AXIS2_PLACEMENT_3D ( 'NONE', #461, #732, #991 ) ;
#138 = LINE ( 'NONE', #1579, #231 ) ;
#139 = APPROVAL_PERSON_ORGANIZATION ( #130, #1514, #1572 ) ;
#140 = ORIENTED_EDGE ( 'NONE', *, *, #1691, .T. ) ;
#141 = DIRECTION ( 'NONE',  ( 1.000000000000000000, 0.000000000000000000, 0.000000000000000000 ) ) ;
#142 = ORIENTED_EDGE ( 'NONE', *, *, #1486, .F. ) ;
#143 = DIRECTION ( 'NONE',  ( -0.000000000000000000, -0.000000000000000000, 1.000000000000000000 ) ) ;
#144 = EDGE_CURVE ( 'NONE', #858, #410, #76, .T. ) ;
#145 = AXIS2_PLACEMENT_3D ( 'NONE', #310, #1364, #1222 ) ;
#146 = VECTOR ( 'NONE', #1647, 1000.000000000000000 ) ;
#147 = VERTEX_POINT ( 'NONE', #360 ) ;
#148 = AXIS2_PLACEMENT_3D ( 'NONE', #899, #224, #743 ) ;
#149 = CIRCLE ( 'NONE', #68, 20.00000000000000000 ) ;
#150 = EDGE_LOOP ( 'NONE', ( #1573, #45, #101, #998 ) ) ;
#151 = DIRECTION ( 'NONE',  ( -0.000000000000000000, 1.000000000000000000, 2.593369692312041346E-17 ) ) ;
#152 = ORIENTED_EDGE ( 'NONE', *, *, #928, .F. ) ;
#153 = DIRECTION ( 'NONE',  ( -0.000000000000000000, -0.000000000000000000, 1.000000000000000000 ) ) ;
#154 = EDGE_CURVE ( 'NONE', #271, #858, #1292, .T. ) ;
#155 = ORIENTED_EDGE ( 'NONE', *, *, #1135, .F. ) ;
#156 = ORIENTED_EDGE ( 'NONE', *, *, #665, .T. ) ;
#157 = CARTESIAN_POINT ( 'NONE',  ( -15.49999999999999822, 27.00000000000000355, 0.000000000000000000 ) ) ;
#158 = ORIENTED_EDGE ( 'NONE', *, *, #396, .T. ) ;
#159 = DIRECTION ( 'NONE',  ( -1.000000000000000000, -0.000000000000000000, -0.000000000000000000 ) ) ;
#160 = EDGE_LOOP ( 'NONE', ( #295, #118 ) ) ;
#161 = AXIS2_PLACEMENT_3D ( 'NONE', #232, #1154, #1146 ) ;
#162 = CARTESIAN_POINT ( 'NONE',  ( 0.000000000000000000, 27.00000000000000000, -3.500000000000001332 ) ) ;
#163 = AXIS2_PLACEMENT_3D ( 'NONE', #859, #303, #1113 ) ;
#164 = AXIS2_PLACEMENT_3D ( 'NONE', #1003, #739, #878 ) ;
#165 = ORIENTED_EDGE ( 'NONE', *, *, #588, .F. ) ;
#166 = FACE_BOUND ( 'NONE', #1517, .T. ) ;
#167 = ADVANCED_FACE ( 'NONE', ( #1145, #760, #1275, #1568, #1548 ), #1687, .F. ) ;
#168 = VERTEX_POINT ( 'NONE', #474 ) ;
#169 = CARTESIAN_POINT ( 'NONE',  ( -7.750000000000152767, 13.57660624134129712, 0.000000000000000000 ) ) ;
#170 = CARTESIAN_POINT ( 'NONE',  ( 15.00000000000000000, 3.000000000000000888, -36.25000000000000000 ) ) ;
#171 = DIRECTION ( 'NONE',  ( 1.000000000000000000, 0.000000000000000000, 0.000000000000000000 ) ) ;
#172 = CARTESIAN_POINT ( 'NONE',  ( 20.00000000000000000, 27.00000000000000000, -3.500000000000001332 ) ) ;
#173 = ORIENTED_EDGE ( 'NONE', *, *, #555, .F. ) ;
#174 = LINE ( 'NONE', #741, #334 ) ;
#175 = VECTOR ( 'NONE', #926, 1000.000000000000000 ) ;
#176 = EDGE_LOOP ( 'NONE', ( #916, #802, #1348, #1351 ) ) ;
#177 = CARTESIAN_POINT ( 'NONE',  ( 20.00000000000000000, 9.076793923092152724E-17, -3.500000000000003109 ) ) ;
#178 = AXIS2_PLACEMENT_3D ( 'NONE', #389, #1055, #245 ) ;
#179 = EDGE_CURVE ( 'NONE', #422, #14, #87, .T. ) ;
#180 = DIRECTION ( 'NONE',  ( 1.000000000000000000, 0.000000000000000000, 0.000000000000000000 ) ) ;
#181 = DIRECTION ( 'NONE',  ( -0.000000000000000000, -0.000000000000000000, 1.000000000000000000 ) ) ;
#182 = DIRECTION ( 'NONE',  ( -0.000000000000000000, -0.000000000000000000, 1.000000000000000000 ) ) ;
#183 = VERTEX_POINT ( 'NONE', #752 ) ;
#184 = DIRECTION ( 'NONE',  ( 1.000000000000000000, 0.000000000000000000, 0.000000000000000000 ) ) ;
#185 = ORIENTED_EDGE ( 'NONE', *, *, #179, .T. ) ;
#186 = CARTESIAN_POINT ( 'NONE',  ( 20.00000000000000000, 3.500000000000000444, -3.500000000000001332 ) ) ;
#187 = CARTESIAN_POINT ( 'NONE',  ( 15.00000000000000000, 10.00000000000000000, -8.749999999999996447 ) ) ;
#188 = CARTESIAN_POINT ( 'NONE',  ( 9.349999999999875300, 13.57660624134113192, -10.00000000000000000 ) ) ;
#189 = CARTESIAN_POINT ( 'NONE',  ( 18.64999999999999858, 26.99999999999990408, 0.000000000000000000 ) ) ;
#190 = VECTOR ( 'NONE', #619, 1000.000000000000000 ) ;
#191 = DIRECTION ( 'NONE',  ( -1.000000000000000000, -0.000000000000000000, -0.000000000000000000 ) ) ;
#192 = ORIENTED_EDGE ( 'NONE', *, *, #13, .T. ) ;
#193 = AXIS2_PLACEMENT_3D ( 'NONE', #352, #880, #332 ) ;
#194 = CARTESIAN_POINT ( 'NONE',  ( 15.50000000000000000, 26.99999999999990408, 0.000000000000000000 ) ) ;
#195 = AXIS2_PLACEMENT_3D ( 'NONE', #1019, #468, #889 ) ;
#196 = CARTESIAN_POINT ( 'NONE',  ( -1.653273178848926275E-15, 34.00000000000000000, -3.000000000000000000 ) ) ;
#197 = LINE ( 'NONE', #1531, #450 ) ;
#198 = FACE_OUTER_BOUND ( 'NONE', #1181, .T. ) ;
#199 = EDGE_CURVE ( 'NONE', #1433, #955, #236, .T. ) ;
#200 = CARTESIAN_POINT ( 'NONE',  ( -6.500000000000000888, 34.00000000000000000, -10.00000000000000000 ) ) ;
#201 = DIRECTION ( 'NONE',  ( -0.000000000000000000, 0.000000000000000000, 1.000000000000000000 ) ) ;
#202 = ORIENTED_EDGE ( 'NONE', *, *, #681, .T. ) ;
#203 = EDGE_CURVE ( 'NONE', #1484, #801, #952, .T. ) ;
#204 = DIRECTION ( 'NONE',  ( 1.000000000000000000, 0.000000000000000000, -0.000000000000000000 ) ) ;
#205 = LINE ( 'NONE', #200, #1338 ) ;
#206 = EDGE_LOOP ( 'NONE', ( #811, #625 ) ) ;
#207 = CARTESIAN_POINT ( 'NONE',  ( 15.50000000000000000, 26.99999999999990408, -10.00000000000000000 ) ) ;
#208 = CARTESIAN_POINT ( 'NONE',  ( -15.00000000000000000, 6.625887532700215632E-17, -36.25000000000000000 ) ) ;
#209 = AXIS2_PLACEMENT_3D ( 'NONE', #1023, #768, #598 ) ;
#210 = PLANE ( 'NONE',  #1455 ) ;
#211 = DIRECTION ( 'NONE',  ( -1.000000000000000000, 0.000000000000000000, -0.000000000000000000 ) ) ;
#212 = ORIENTED_EDGE ( 'NONE', *, *, #1379, .F. ) ;
#213 = DIRECTION ( 'NONE',  ( 1.000000000000000000, 0.000000000000000000, 0.000000000000000000 ) ) ;
#214 = EDGE_CURVE ( 'NONE', #473, #1500, #1705, .T. ) ;
#215 = DIRECTION ( 'NONE',  ( -0.000000000000000000, -0.000000000000000000, 1.000000000000000000 ) ) ;
#216 = CARTESIAN_POINT ( 'NONE',  ( -15.00000000000000000, 10.00000000000000000, -34.49999999999999289 ) ) ;
#217 = DIRECTION ( 'NONE',  ( -1.000000000000000000, -0.000000000000000000, -0.000000000000000000 ) ) ;
#218 = CARTESIAN_POINT ( 'NONE',  ( -10.90000000000015312, 13.57660624134129712, 0.000000000000000000 ) ) ;
#219 = ORIENTED_EDGE ( 'NONE', *, *, #1553, .F. ) ;
#220 = CIRCLE ( 'NONE', #494, 1.599999999999998979 ) ;
#221 = EDGE_CURVE ( 'NONE', #131, #275, #581, .T. ) ;
#222 = AXIS2_PLACEMENT_3D ( 'NONE', #692, #1177, #791 ) ;
#223 = ORIENTED_EDGE ( 'NONE', *, *, #59, .T. ) ;
#224 = DIRECTION ( 'NONE',  ( 0.000000000000000000, 0.000000000000000000, 1.000000000000000000 ) ) ;
#225 = DIRECTION ( 'NONE',  ( 1.000000000000000000, 0.000000000000000000, 0.000000000000000000 ) ) ;
#226 = DIRECTION ( 'NONE',  ( -0.7071067811865477948, 8.659560562354936556E-17, 0.7071067811865473507 ) ) ;
#227 = EDGE_LOOP ( 'NONE', ( #1065, #1004, #1185, #388 ) ) ;
#228 = ORIENTED_EDGE ( 'NONE', *, *, #15, .T. ) ;
#229 = VERTEX_POINT ( 'NONE', #104 ) ;
#230 = CARTESIAN_POINT ( 'NONE',  ( 1.527916156705042519E-16, 20.00000000000000000, 0.000000000000000000 ) ) ;
#231 = VECTOR ( 'NONE', #1058, 1000.000000000000000 ) ;
#232 = CARTESIAN_POINT ( 'NONE',  ( -7.750000000000152767, 13.57660624134129712, 0.000000000000000000 ) ) ;
#233 = AXIS2_PLACEMENT_3D ( 'NONE', #697, #436, #1505 ) ;
#234 = EDGE_CURVE ( 'NONE', #403, #867, #1091, .T. ) ;
#235 = LINE ( 'NONE', #628, #804 ) ;
#236 = CIRCLE ( 'NONE', #1543, 3.149999999999999911 ) ;
#237 = COORDINATED_UNIVERSAL_TIME_OFFSET ( 8, 0, .AHEAD. ) ;
#238 = ORIENTED_EDGE ( 'NONE', *, *, #1642, .T. ) ;
#239 = CARTESIAN_POINT ( 'NONE',  ( -7.750000000000152767, 13.57660624134129712, -1.549999999999998934 ) ) ;
#240 = FACE_BOUND ( 'NONE', #11, .T. ) ;
#241 = DIRECTION ( 'NONE',  ( -0.000000000000000000, -0.000000000000000000, 1.000000000000000000 ) ) ;
#242 = PERSON_AND_ORGANIZATION_ROLE ( 'creator' ) ;
#243 = VECTOR ( 'NONE', #546, 1000.000000000000000 ) ;
#244 = ORIENTED_EDGE ( 'NONE', *, *, #214, .F. ) ;
#245 = DIRECTION ( 'NONE',  ( 0.000000000000000000, 0.000000000000000000, -1.000000000000000000 ) ) ;
#246 = AXIS2_PLACEMENT_3D ( 'NONE', #112, #1056, #646 ) ;
#247 = PLANE ( 'NONE',  #246 ) ;
#248 = CARTESIAN_POINT ( 'NONE',  ( -12.34999999999999787, 27.00000000000000355, 0.000000000000000000 ) ) ;
#249 = EDGE_CURVE ( 'NONE', #667, #1078, #1204, .T. ) ;
#250 = APPROVAL_DATE_TIME ( #1446, #1514 ) ;
#251 = ADVANCED_FACE ( 'NONE', ( #1418 ), #560, .F. ) ;
#252 = ORIENTED_EDGE ( 'NONE', *, *, #107, .T. ) ;
#253 = FACE_OUTER_BOUND ( 'NONE', #373, .T. ) ;
#254 = CARTESIAN_POINT ( 'NONE',  ( -18.64999999999999858, 27.00000000000000355, 0.000000000000000000 ) ) ;
#255 = VERTEX_POINT ( 'NONE', #883 ) ;
#256 = DIRECTION ( 'NONE',  ( 0.000000000000000000, -1.000000000000000000, 0.000000000000000000 ) ) ;
#257 = CIRCLE ( 'NONE', #1199, 1.750000000000001554 ) ;
#258 = DATE_AND_TIME ( #394, #301 ) ;
#259 = EDGE_CURVE ( 'NONE', #1225, #1061, #638, .T. ) ;
#260 = ORIENTED_EDGE ( 'NONE', *, *, #665, .F. ) ;
#261 = FACE_OUTER_BOUND ( 'NONE', #971, .T. ) ;
#262 = DIRECTION ( 'NONE',  ( -0.000000000000000000, -0.000000000000000000, 1.000000000000000000 ) ) ;
#263 = ORIENTED_EDGE ( 'NONE', *, *, #1656, .F. ) ;
#264 = CARTESIAN_POINT ( 'NONE',  ( 15.00000000000000000, 3.000000000000000000, -8.749999999999994671 ) ) ;
#265 = ORIENTED_EDGE ( 'NONE', *, *, #1486, .T. ) ;
#266 = DIRECTION ( 'NONE',  ( 0.000000000000000000, 0.000000000000000000, 1.000000000000000000 ) ) ;
#267 = EDGE_CURVE ( 'NONE', #457, #1599, #1166, .T. ) ;
#268 = EDGE_LOOP ( 'NONE', ( #4, #821, #1714, #1375 ) ) ;
#269 = CARTESIAN_POINT ( 'NONE',  ( 7.749999999999874767, 13.57660624134113192, -10.00000000000000000 ) ) ;
#270 = AXIS2_PLACEMENT_3D ( 'NONE', #1083, #1220, #679 ) ;
#271 = VERTEX_POINT ( 'NONE', #1159 ) ;
#272 = AXIS2_PLACEMENT_3D ( 'NONE', #838, #963, #847 ) ;
#273 = CYLINDRICAL_SURFACE ( 'NONE', #108, 1.749999999999999778 ) ;
#274 = ORIENTED_EDGE ( 'NONE', *, *, #96, .T. ) ;
#275 = VERTEX_POINT ( 'NONE', #1693 ) ;
#276 = CARTESIAN_POINT ( 'NONE',  ( 7.749999999999874767, 13.57660624134113192, -3.000000000000000000 ) ) ;
#277 = VERTEX_POINT ( 'NONE', #497 ) ;
#278 = DIRECTION ( 'NONE',  ( -0.000000000000000000, -0.000000000000000000, 1.000000000000000000 ) ) ;
#279 = EDGE_CURVE ( 'NONE', #421, #275, #1232, .T. ) ;
#280 = VECTOR ( 'NONE', #525, 1000.000000000000000 ) ;
#281 = VECTOR ( 'NONE', #552, 1000.000000000000000 ) ;
#282 = ORIENTED_EDGE ( 'NONE', *, *, #1436, .F. ) ;
#283 = VECTOR ( 'NONE', #694, 1000.000000000000000 ) ;
#284 = VERTEX_POINT ( 'NONE', #906 ) ;
#285 = DIRECTION ( 'NONE',  ( 0.000000000000000000, 0.000000000000000000, -1.000000000000000000 ) ) ;
#286 = ORIENTED_EDGE ( 'NONE', *, *, #364, .F. ) ;
#287 = CARTESIAN_POINT ( 'NONE',  ( 15.00000000000000000, 10.00000000000000000, -32.74999999999999289 ) ) ;
#288 = ORIENTED_EDGE ( 'NONE', *, *, #1521, .F. ) ;
#289 = EDGE_CURVE ( 'NONE', #974, #1287, #1442, .T. ) ;
#290 = DIRECTION ( 'NONE',  ( 1.000000000000000000, 0.000000000000000000, 0.000000000000000000 ) ) ;
#291 = VERTEX_POINT ( 'NONE', #1323 ) ;
#292 = FACE_OUTER_BOUND ( 'NONE', #1710, .T. ) ;
#293 = ORIENTED_EDGE ( 'NONE', *, *, #1521, .T. ) ;
#294 = DIRECTION ( 'NONE',  ( 1.000000000000000000, 0.000000000000000000, 0.000000000000000000 ) ) ;
#295 = ORIENTED_EDGE ( 'NONE', *, *, #763, .F. ) ;
#296 = CARTESIAN_POINT ( 'NONE',  ( 10.90000000000006253, 40.42339375865876860, 0.000000000000000000 ) ) ;
#297 = UNCERTAINTY_MEASURE_WITH_UNIT (LENGTH_MEASURE( 1.000000000000000082E-05 ), #79, 'distance_accuracy_value', 'NONE');
#298 = CIRCLE ( 'NONE', #1603, 6.499999999999999112 ) ;
#299 = CARTESIAN_POINT ( 'NONE',  ( -19.00000000000000000, 3.500000000000000444, -41.50000000000000000 ) ) ;
#300 = AXIS2_PLACEMENT_3D ( 'NONE', #60, #1652, #1672 ) ;
#301 = LOCAL_TIME ( 14, 50, 6.000000000000000000, #116 ) ;
#302 = ORIENTED_EDGE ( 'NONE', *, *, #1125, .F. ) ;
#303 = DIRECTION ( 'NONE',  ( -0.000000000000000000, -0.000000000000000000, 1.000000000000000000 ) ) ;
#304 = ADVANCED_FACE ( 'NONE', ( #382 ), #1309, .F. ) ;
#305 = EDGE_LOOP ( 'NONE', ( #1136, #1377, #786, #35 ) ) ;
#306 = CARTESIAN_POINT ( 'NONE',  ( 13.89999999999999858, 26.99999999999990408, -10.00000000000000000 ) ) ;
#307 = DIRECTION ( 'NONE',  ( 0.000000000000000000, -1.000000000000000000, -2.593369692312041963E-17 ) ) ;
#308 = CYLINDRICAL_SURFACE ( 'NONE', #1187, 0.5000000000000000000 ) ;
#309 = VERTEX_POINT ( 'NONE', #1192 ) ;
#310 = CARTESIAN_POINT ( 'NONE',  ( 7.749999999999874767, 13.57660624134113192, -10.00000000000000000 ) ) ;
#311 = EDGE_LOOP ( 'NONE', ( #547, #192, #890, #617 ) ) ;
#312 = CARTESIAN_POINT ( 'NONE',  ( 6.500000000000000888, 20.00000000000000000, -10.00000000000000000 ) ) ;
#313 = AXIS2_PLACEMENT_3D ( 'NONE', #162, #1639, #445 ) ;
#314 = ORIENTED_EDGE ( 'NONE', *, *, #7, .F. ) ;
#315 = DIRECTION ( 'NONE',  ( -0.000000000000000000, -0.000000000000000000, 1.000000000000000000 ) ) ;
#316 = VECTOR ( 'NONE', #1620, 1000.000000000000000 ) ;
#317 = ADVANCED_FACE ( 'NONE', ( #528 ), #2, .F. ) ;
#318 = AXIS2_PLACEMENT_3D ( 'NONE', #17, #704, #1482 ) ;
#319 = DIRECTION ( 'NONE',  ( 1.000000000000000000, 0.000000000000000000, 0.000000000000000000 ) ) ;
#320 = CARTESIAN_POINT ( 'NONE',  ( 20.00000000000000000, 27.00000000000000000, -3.000000000000000000 ) ) ;
#321 = CARTESIAN_POINT ( 'NONE',  ( -19.00000000000000000, 3.000000000000001332, -41.50000000000000000 ) ) ;
#322 = ORIENTED_EDGE ( 'NONE', *, *, #869, .F. ) ;
#323 = CARTESIAN_POINT ( 'NONE',  ( -7.750000000000152767, 13.57660624134129712, -10.00000000000000000 ) ) ;
#324 = VERTEX_POINT ( 'NONE', #1201 ) ;
#325 = PLANE ( 'NONE',  #901 ) ;
#326 = EDGE_CURVE ( 'NONE', #610, #1686, #1175, .T. ) ;
#327 = FACE_OUTER_BOUND ( 'NONE', #1250, .T. ) ;
#328 = LINE ( 'NONE', #844, #243 ) ;
#329 = ADVANCED_FACE ( 'NONE', ( #781 ), #1600, .F. ) ;
#330 = CARTESIAN_POINT ( 'NONE',  ( -20.00000000000000000, 3.500000000000000444, -3.000000000000000000 ) ) ;
#331 = VECTOR ( 'NONE', #1504, 1000.000000000000000 ) ;
#332 = DIRECTION ( 'NONE',  ( 1.000000000000000000, 0.000000000000000000, 0.000000000000000000 ) ) ;
#333 = ORIENTED_EDGE ( 'NONE', *, *, #779, .F. ) ;
#334 = VECTOR ( 'NONE', #701, 1000.000000000000000 ) ;
#335 = DIRECTION ( 'NONE',  ( 0.000000000000000000, 0.000000000000000000, 1.000000000000000000 ) ) ;
#336 = LOCAL_TIME ( 14, 50, 6.000000000000000000, #1050 ) ;
#337 = CARTESIAN_POINT ( 'NONE',  ( -17.09999999999999787, 27.00000000000000355, -1.549999999999998934 ) ) ;
#338 = CYLINDRICAL_SURFACE ( 'NONE', #1430, 1.600000000000000755 ) ;
#339 = DIRECTION ( 'NONE',  ( -0.7071067811865481278, 8.659560562354940254E-17, 0.7071067811865470176 ) ) ;
#340 = DIRECTION ( 'NONE',  ( 1.000000000000000000, 0.000000000000000000, 0.000000000000000000 ) ) ;
#341 = ADVANCED_FACE ( 'NONE', ( #125 ), #1340, .F. ) ;
#342 = DIRECTION ( 'NONE',  ( -0.000000000000000000, -0.000000000000000000, 1.000000000000000000 ) ) ;
#343 = ORIENTED_EDGE ( 'NONE', *, *, #718, .T. ) ;
#344 = CYLINDRICAL_SURFACE ( 'NONE', #437, 1.749999999999999778 ) ;
#345 = VECTOR ( 'NONE', #58, 999.9999999999998863 ) ;
#346 = DIRECTION ( 'NONE',  ( 1.000000000000000000, 0.000000000000000000, 0.000000000000000000 ) ) ;
#347 = CARTESIAN_POINT ( 'NONE',  ( 10.90000000000006253, 40.42339375865876860, 0.000000000000000000 ) ) ;
#348 = AXIS2_PLACEMENT_3D ( 'NONE', #789, #543, #1609 ) ;
#349 = LINE ( 'NONE', #1444, #1034 ) ;
#350 = EDGE_CURVE ( 'NONE', #721, #1308, #1574, .T. ) ;
#351 = ORIENTED_EDGE ( 'NONE', *, *, #718, .F. ) ;
#352 = CARTESIAN_POINT ( 'NONE',  ( 7.750000000000062172, 40.42339375865876860, 0.000000000000000000 ) ) ;
#353 = DIRECTION ( 'NONE',  ( 1.000000000000000000, 0.000000000000000000, 0.000000000000000000 ) ) ;
#354 = FACE_OUTER_BOUND ( 'NONE', #1545, .T. ) ;
#355 = LINE ( 'NONE', #1000, #1063 ) ;
#356 = CARTESIAN_POINT ( 'NONE',  ( -6.500000000000000888, 34.00000000000000000, -10.00000000000000000 ) ) ;
#357 = EDGE_LOOP ( 'NONE', ( #124, #651 ) ) ;
#358 = CIRCLE ( 'NONE', #1303, 3.149999999999999911 ) ;
#359 = ADVANCED_FACE ( 'NONE', ( #520 ), #1475, .F. ) ;
#360 = CARTESIAN_POINT ( 'NONE',  ( 15.00000000000000000, 3.000000000000000000, -12.24999999999999467 ) ) ;
#361 = FACE_OUTER_BOUND ( 'NONE', #311, .T. ) ;
#362 = DIRECTION ( 'NONE',  ( 0.000000000000000000, 0.000000000000000000, 1.000000000000000000 ) ) ;
#363 = DIRECTION ( 'NONE',  ( 0.000000000000000000, 0.000000000000000000, -1.000000000000000000 ) ) ;
#364 = EDGE_CURVE ( 'NONE', #291, #1611, #1431, .T. ) ;
#365 = CARTESIAN_POINT ( 'NONE',  ( 0.000000000000000000, 27.00000000000000000, 0.000000000000000000 ) ) ;
#366 = CIRCLE ( 'NONE', #1679, 1.749999999999999778 ) ;
#367 = DIRECTION ( 'NONE',  ( 0.000000000000000000, 0.000000000000000000, 1.000000000000000000 ) ) ;
#368 = CIRCLE ( 'NONE', #924, 1.599999999999998979 ) ;
#369 = DIRECTION ( 'NONE',  ( 0.000000000000000000, 0.000000000000000000, -1.000000000000000000 ) ) ;
#370 = AXIS2_PLACEMENT_3D ( 'NONE', #875, #1425, #94 ) ;
#371 = AXIS2_PLACEMENT_3D ( 'NONE', #1126, #1628, #294 ) ;
#372 = APPROVAL_ROLE ( '' ) ;
#373 = EDGE_LOOP ( 'NONE', ( #1165, #1122, #1382, #202 ) ) ;
#374 = DIRECTION ( 'NONE',  ( 0.000000000000000000, 1.000000000000000000, 0.000000000000000000 ) ) ;
#375 = DIRECTION ( 'NONE',  ( -1.000000000000000000, -0.000000000000000000, -0.000000000000000000 ) ) ;
#376 = EDGE_CURVE ( 'NONE', #1006, #515, #395, .T. ) ;
#377 = DIRECTION ( 'NONE',  ( -0.000000000000000000, -0.000000000000000000, 1.000000000000000000 ) ) ;
#378 = EDGE_CURVE ( 'NONE', #400, #277, #1342, .T. ) ;
#379 = CC_DESIGN_PERSON_AND_ORGANIZATION_ASSIGNMENT ( #1197, #242, ( #409 ) ) ;
#380 = CIRCLE ( 'NONE', #1578, 1.750000000000001554 ) ;
#381 = EDGE_LOOP ( 'NONE', ( #1467, #837, #629, #1265 ) ) ;
#382 = FACE_OUTER_BOUND ( 'NONE', #176, .T. ) ;
#383 = VECTOR ( 'NONE', #895, 1000.000000000000000 ) ;
#384 = CARTESIAN_POINT ( 'NONE',  ( -15.00000000000000000, 6.306017100087102267E-17, -34.49999999999999289 ) ) ;
#385 = ORIENTED_EDGE ( 'NONE', *, *, #350, .F. ) ;
#386 = FACE_OUTER_BOUND ( 'NONE', #1191, .T. ) ;
#387 = ADVANCED_FACE ( 'NONE', ( #253 ), #453, .F. ) ;
#388 = ORIENTED_EDGE ( 'NONE', *, *, #1072, .F. ) ;
#389 = CARTESIAN_POINT ( 'NONE',  ( -15.00000000000000000, 10.00000000000000000, -34.49999999999999289 ) ) ;
#390 = CARTESIAN_POINT ( 'NONE',  ( -15.00000000000000000, 3.000000000000000888, -36.25000000000000000 ) ) ;
#391 = EDGE_LOOP ( 'NONE', ( #1057, #1673, #780, #1217 ) ) ;
#392 = CARTESIAN_POINT ( 'NONE',  ( -20.00000000000000000, 3.000000000000001332, -42.50000000000000000 ) ) ;
#393 = AXIS2_PLACEMENT_3D ( 'NONE', #777, #1311, #1074 ) ;
#394 = CALENDAR_DATE ( 2022, 24, 3 ) ;
#395 = CIRCLE ( 'NONE', #590, 1.749999999999999778 ) ;
#396 = EDGE_CURVE ( 'NONE', #1236, #637, #674, .T. ) ;
#397 = ORIENTED_EDGE ( 'NONE', *, *, #1690, .F. ) ;
#398 = DIRECTION ( 'NONE',  ( 1.000000000000000000, 0.000000000000000000, 0.000000000000000000 ) ) ;
#399 = DIRECTION ( 'NONE',  ( 0.000000000000000000, -1.000000000000000000, -2.593369692312041963E-17 ) ) ;
#400 = VERTEX_POINT ( 'NONE', #1071 ) ;
#401 = CARTESIAN_POINT ( 'NONE',  ( -10.89999999999997904, 40.42339375865881834, 0.000000000000000000 ) ) ;
#402 = COORDINATED_UNIVERSAL_TIME_OFFSET ( 8, 0, .AHEAD. ) ;
#403 = VERTEX_POINT ( 'NONE', #1593 ) ;
#404 = DIRECTION ( 'NONE',  ( 0.000000000000000000, 0.000000000000000000, -1.000000000000000000 ) ) ;
#405 = EDGE_CURVE ( 'NONE', #422, #721, #1565, .T. ) ;
#406 = EDGE_LOOP ( 'NONE', ( #1397, #61, #1538, #846 ) ) ;
#407 = AXIS2_PLACEMENT_3D ( 'NONE', #356, #211, #201 ) ;
#408 = DIRECTION ( 'NONE',  ( 0.000000000000000000, -2.593369692312041963E-17, 1.000000000000000000 ) ) ;
#409 = PRODUCT_DEFINITION_FORMATION_WITH_SPECIFIED_SOURCE ( '任何', '', #1291, .NOT_KNOWN. ) ;
#410 = VERTEX_POINT ( 'NONE', #677 ) ;
#411 = EDGE_LOOP ( 'NONE', ( #1281, #282, #397, #1675 ) ) ;
#412 = ORIENTED_EDGE ( 'NONE', *, *, #1347, .T. ) ;
#413 = CARTESIAN_POINT ( 'NONE',  ( 6.499999999999997335, 34.00000000000000000, -10.00000000000000000 ) ) ;
#414 = EDGE_CURVE ( 'NONE', #457, #974, #839, .T. ) ;
#415 = EDGE_LOOP ( 'NONE', ( #1082, #265, #981, #314 ) ) ;
#416 = CARTESIAN_POINT ( 'NONE',  ( 15.50000000000000000, 26.99999999999990408, -3.000000000000000000 ) ) ;
#417 = DESIGN_CONTEXT ( 'detailed design', #115, 'design' ) ;
#418 = CARTESIAN_POINT ( 'NONE',  ( 19.00000000000000000, 3.000000000000001332, -42.50000000000000000 ) ) ;
#419 = CIRCLE ( 'NONE', #1403, 3.149999999999999911 ) ;
#420 = CIRCLE ( 'NONE', #1405, 20.00000000000000000 ) ;
#421 = VERTEX_POINT ( 'NONE', #1182 ) ;
#422 = VERTEX_POINT ( 'NONE', #1458 ) ;
#423 = DIRECTION ( 'NONE',  ( 0.000000000000000000, 0.000000000000000000, 1.000000000000000000 ) ) ;
#424 = DIRECTION ( 'NONE',  ( 0.000000000000000000, 0.000000000000000000, -1.000000000000000000 ) ) ;
#425 = DIRECTION ( 'NONE',  ( -0.000000000000000000, -0.000000000000000000, 1.000000000000000000 ) ) ;
#426 = DIRECTION ( 'NONE',  ( -0.7071067811865481278, 8.659560562354940254E-17, 0.7071067811865470176 ) ) ;
#427 = ADVANCED_FACE ( 'NONE', ( #261 ), #930, .F. ) ;
#428 = ORIENTED_EDGE ( 'NONE', *, *, #1296, .F. ) ;
#429 = CARTESIAN_POINT ( 'NONE',  ( -6.150000000000152234, 13.57660624134129712, -3.000000000000000000 ) ) ;
#430 = ORIENTED_EDGE ( 'NONE', *, *, #940, .F. ) ;
#431 = CARTESIAN_POINT ( 'NONE',  ( 10.89999999999987423, 13.57660624134113192, 0.000000000000000000 ) ) ;
#432 = DIRECTION ( 'NONE',  ( -0.000000000000000000, -0.000000000000000000, 1.000000000000000000 ) ) ;
#433 = CONICAL_SURFACE ( 'NONE', #1161, 3.149999999999999911, 0.7853981633974490562 ) ;
#434 = CARTESIAN_POINT ( 'NONE',  ( 9.349999999999873523, 13.57660624134113192, -1.549999999999998934 ) ) ;
#435 = AXIS2_PLACEMENT_3D ( 'NONE', #384, #907, #1300 ) ;
#436 = DIRECTION ( 'NONE',  ( -0.000000000000000000, -0.000000000000000000, 1.000000000000000000 ) ) ;
#437 = AXIS2_PLACEMENT_3D ( 'NONE', #1255, #44, #62 ) ;
#438 = ADVANCED_FACE ( 'NONE', ( #1636 ), #984, .T. ) ;
#439 = VERTEX_POINT ( 'NONE', #1501 ) ;
#440 = LINE ( 'NONE', #448, #1216 ) ;
#441 = EDGE_LOOP ( 'NONE', ( #260, #1339 ) ) ;
#442 = DIRECTION ( 'NONE',  ( 1.000000000000000000, 0.000000000000000000, 0.000000000000000000 ) ) ;
#443 = CARTESIAN_POINT ( 'NONE',  ( 20.00000000000000000, 3.000000000000000444, -3.500000000000001332 ) ) ;
#444 = CARTESIAN_POINT ( 'NONE',  ( -7.750000000000152767, 13.57660624134129712, 0.000000000000000000 ) ) ;
#445 = DIRECTION ( 'NONE',  ( 1.000000000000000000, 0.000000000000000000, 0.000000000000000000 ) ) ;
#446 = VERTEX_POINT ( 'NONE', #1258 ) ;
#447 = VECTOR ( 'NONE', #1632, 1000.000000000000000 ) ;
#448 = CARTESIAN_POINT ( 'NONE',  ( -20.00000000000000000, 3.500000000000000444, -41.50000000000000000 ) ) ;
#449 = EDGE_CURVE ( 'NONE', #14, #457, #570, .T. ) ;
#450 = VECTOR ( 'NONE', #1238, 1000.000000000000000 ) ;
#451 = ORIENTED_EDGE ( 'NONE', *, *, #555, .T. ) ;
#452 = DIRECTION ( 'NONE',  ( 1.000000000000000000, 0.000000000000000000, 0.000000000000000000 ) ) ;
#453 = CONICAL_SURFACE ( 'NONE', #1432, 3.149999999999999911, 0.7853981633974490562 ) ;
#454 = LINE ( 'NONE', #1362, #759 ) ;
#455 = DIRECTION ( 'NONE',  ( 1.000000000000000000, 0.000000000000000000, 0.000000000000000000 ) ) ;
#456 = CC_DESIGN_PERSON_AND_ORGANIZATION_ASSIGNMENT ( #1042, #501, ( #102 ) ) ;
#457 = VERTEX_POINT ( 'NONE', #177 ) ;
#458 = CARTESIAN_POINT ( 'NONE',  ( -15.00000000000000000, 6.306017100087102267E-17, -34.49999999999999289 ) ) ;
#459 = CARTESIAN_POINT ( 'NONE',  ( 20.00000000000000000, 3.500000000000000444, -3.500000000000001332 ) ) ;
#460 = ORIENTED_EDGE ( 'NONE', *, *, #15, .F. ) ;
#461 = CARTESIAN_POINT ( 'NONE',  ( -7.750000000000152767, 13.57660624134129712, 0.000000000000000000 ) ) ;
#462 = LINE ( 'NONE', #1226, #947 ) ;
#463 = EDGE_CURVE ( 'NONE', #955, #1433, #1035, .T. ) ;
#464 = CARTESIAN_POINT ( 'NONE',  ( -9.349999999999980105, 40.42339375865881834, -10.00000000000000000 ) ) ;
#465 = LINE ( 'NONE', #89, #190 ) ;
#466 = DIRECTION ( 'NONE',  ( 0.000000000000000000, -1.827831043503509070E-18, 1.000000000000000000 ) ) ;
#467 = VECTOR ( 'NONE', #339, 1000.000000000000000 ) ;
#468 = DIRECTION ( 'NONE',  ( -0.000000000000000000, -0.000000000000000000, 1.000000000000000000 ) ) ;
#469 = EDGE_LOOP ( 'NONE', ( #333, #1174, #103, #86 ) ) ;
#470 = AXIS2_PLACEMENT_3D ( 'NONE', #133, #522, #662 ) ;
#471 = CARTESIAN_POINT ( 'NONE',  ( 6.499999999999997335, 34.00000000000000000, 0.000000000000000000 ) ) ;
#472 = APPROVAL_PERSON_ORGANIZATION ( #1597, #18, #123 ) ;
#473 = VERTEX_POINT ( 'NONE', #46 ) ;
#474 = CARTESIAN_POINT ( 'NONE',  ( -15.00000000000000000, 5.986146667473987670E-17, -32.74999999999999289 ) ) ;
#475 = DIRECTION ( 'NONE',  ( -0.000000000000000000, 1.000000000000000000, -0.000000000000000000 ) ) ;
#476 = ADVANCED_FACE ( 'NONE', ( #1105 ), #509, .F. ) ;
#477 = DIRECTION ( 'NONE',  ( -0.000000000000000000, -1.000000000000000000, -1.827831043503507915E-18 ) ) ;
#478 = CARTESIAN_POINT ( 'NONE',  ( 15.00000000000000000, 10.00000000000000000, -36.25000000000000000 ) ) ;
#479 = ORIENTED_EDGE ( 'NONE', *, *, #818, .F. ) ;
#480 = FACE_OUTER_BOUND ( 'NONE', #1700, .T. ) ;
#481 = CIRCLE ( 'NONE', #698, 1.600000000000000755 ) ;
#482 = AXIS2_PLACEMENT_3D ( 'NONE', #850, #695, #424 ) ;
#483 = CARTESIAN_POINT ( 'NONE',  ( -19.00000000000000000, 3.000000000000001332, -42.50000000000000000 ) ) ;
#484 = CARTESIAN_POINT ( 'NONE',  ( -19.00000000000000000, 1.102182119232617714E-15, -42.50000000000000000 ) ) ;
#485 = AXIS2_PLACEMENT_3D ( 'NONE', #1668, #1007, #1555 ) ;
#486 = LINE ( 'NONE', #1550, #1013 ) ;
#487 = VERTEX_POINT ( 'NONE', #27 ) ;
#488 = ADVANCED_FACE ( 'NONE', ( #822 ), #1483, .F. ) ;
#489 = ORIENTED_EDGE ( 'NONE', *, *, #1285, .T. ) ;
#490 = CARTESIAN_POINT ( 'NONE',  ( -7.749999999999978684, 40.42339375865881834, 0.000000000000000000 ) ) ;
#491 = CARTESIAN_POINT ( 'NONE',  ( -7.750000000000152767, 13.57660624134129712, -3.000000000000000000 ) ) ;
#492 = FACE_BOUND ( 'NONE', #1150, .T. ) ;
#493 = DIRECTION ( 'NONE',  ( -0.000000000000000000, -1.000000000000000000, -1.827831043503507915E-18 ) ) ;
#494 = AXIS2_PLACEMENT_3D ( 'NONE', #1381, #181, #1211 ) ;
#495 = EDGE_CURVE ( 'NONE', #16, #1496, #1263, .T. ) ;
#496 = VECTOR ( 'NONE', #82, 1000.000000000000000 ) ;
#497 = CARTESIAN_POINT ( 'NONE',  ( 12.34999999999999964, 26.99999999999990408, 0.000000000000000000 ) ) ;
#498 = DIRECTION ( 'NONE',  ( -0.000000000000000000, -0.000000000000000000, 1.000000000000000000 ) ) ;
#499 = CARTESIAN_POINT ( 'NONE',  ( 20.00000000000000000, 0.000000000000000000, -3.000000000000000000 ) ) ;
#500 = ORIENTED_EDGE ( 'NONE', *, *, #973, .T. ) ;
#501 = PERSON_AND_ORGANIZATION_ROLE ( 'creator' ) ;
#502 = ADVANCED_FACE ( 'NONE', ( #1096 ), #1520, .F. ) ;
#503 = EDGE_LOOP ( 'NONE', ( #1093, #1, #983, #530 ) ) ;
#504 = DIRECTION ( 'NONE',  ( 1.000000000000000000, 0.000000000000000000, 0.000000000000000000 ) ) ;
#505 = VECTOR ( 'NONE', #833, 1000.000000000000000 ) ;
#506 = ADVANCED_FACE ( 'NONE', ( #1618 ), #325, .T. ) ;
#507 = CYLINDRICAL_SURFACE ( 'NONE', #222, 3.500000000000000000 ) ;
#508 = DIRECTION ( 'NONE',  ( 0.000000000000000000, 0.000000000000000000, 1.000000000000000000 ) ) ;
#509 = CONICAL_SURFACE ( 'NONE', #1315, 3.149999999999999911, 0.7853981633974490562 ) ;
#510 = ORIENTED_EDGE ( 'NONE', *, *, #13, .F. ) ;
#511 = ORIENTED_EDGE ( 'NONE', *, *, #221, .T. ) ;
#512 = DIRECTION ( 'NONE',  ( 1.000000000000000000, 2.478176394252581141E-16, 0.000000000000000000 ) ) ;
#513 = DIRECTION ( 'NONE',  ( -1.000000000000000000, -0.000000000000000000, -0.000000000000000000 ) ) ;
#514 = EDGE_CURVE ( 'NONE', #1686, #813, #149, .T. ) ;
#515 = VERTEX_POINT ( 'NONE', #1388 ) ;
#516 = DIRECTION ( 'NONE',  ( -0.000000000000000000, -0.000000000000000000, 1.000000000000000000 ) ) ;
#517 = SECURITY_CLASSIFICATION_LEVEL ( 'unclassified' ) ;
#518 = AXIS2_PLACEMENT_3D ( 'NONE', #1575, #262, #1585 ) ;
#519 = ORIENTED_EDGE ( 'NONE', *, *, #642, .T. ) ;
#520 = FACE_OUTER_BOUND ( 'NONE', #150, .T. ) ;
#521 = CIRCLE ( 'NONE', #164, 1.600000000000000755 ) ;
#522 = DIRECTION ( 'NONE',  ( -0.000000000000000000, -0.000000000000000000, 1.000000000000000000 ) ) ;
#523 = AXIS2_PLACEMENT_3D ( 'NONE', #459, #191, #720 ) ;
#524 = ORIENTED_EDGE ( 'NONE', *, *, #742, .F. ) ;
#525 = DIRECTION ( 'NONE',  ( -0.7071067811865481278, 8.659560562354940254E-17, 0.7071067811865470176 ) ) ;
#526 = EDGE_CURVE ( 'NONE', #1143, #403, #63, .T. ) ;
#527 = ORIENTED_EDGE ( 'NONE', *, *, #1029, .T. ) ;
#528 = FACE_OUTER_BOUND ( 'NONE', #469, .T. ) ;
#529 = CARTESIAN_POINT ( 'NONE',  ( -15.00000000000000000, 3.000000000000000000, -10.49999999999999467 ) ) ;
#530 = ORIENTED_EDGE ( 'NONE', *, *, #842, .F. ) ;
#531 = CARTESIAN_POINT ( 'NONE',  ( 7.749999999999874767, 13.57660624134113192, -3.000000000000000000 ) ) ;
#532 = VECTOR ( 'NONE', #1718, 1000.000000000000000 ) ;
#533 = DATE_AND_TIME ( #794, #1391 ) ;
#534 = VECTOR ( 'NONE', #1411, 1000.000000000000000 ) ;
#535 = EDGE_CURVE ( 'NONE', #1001, #446, #1124, .T. ) ;
#536 = ORIENTED_EDGE ( 'NONE', *, *, #1046, .F. ) ;
#537 = CARTESIAN_POINT ( 'NONE',  ( -20.00000000000000000, 0.000000000000000000, -3.000000000000000000 ) ) ;
#538 = ORIENTED_EDGE ( 'NONE', *, *, #771, .T. ) ;
#539 = DIRECTION ( 'NONE',  ( 1.000000000000000000, 0.000000000000000000, 0.000000000000000000 ) ) ;
#540 = EDGE_LOOP ( 'NONE', ( #1319, #536 ) ) ;
#541 = ADVANCED_FACE ( 'NONE', ( #1491 ), #723, .F. ) ;
#542 = ORIENTED_EDGE ( 'NONE', *, *, #267, .F. ) ;
#543 = DIRECTION ( 'NONE',  ( -0.000000000000000000, -1.000000000000000000, -1.827831043503507915E-18 ) ) ;
#544 = ORIENTED_EDGE ( 'NONE', *, *, #1206, .F. ) ;
#545 = AXIS2_PLACEMENT_3D ( 'NONE', #127, #915, #1443 ) ;
#546 = DIRECTION ( 'NONE',  ( 0.7071067811865481278, 0.000000000000000000, 0.7071067811865470176 ) ) ;
#547 = ORIENTED_EDGE ( 'NONE', *, *, #154, .F. ) ;
#548 = EDGE_CURVE ( 'NONE', #1078, #1298, #1655, .T. ) ;
#549 = ORIENTED_EDGE ( 'NONE', *, *, #535, .T. ) ;
#550 = CARTESIAN_POINT ( 'NONE',  ( 0.000000000000000000, 27.00000000000000000, -3.000000000000000000 ) ) ;
#551 = EDGE_CURVE ( 'NONE', #16, #571, #462, .T. ) ;
#552 = DIRECTION ( 'NONE',  ( -0.000000000000000000, -0.000000000000000000, 1.000000000000000000 ) ) ;
#553 = LINE ( 'NONE', #959, #658 ) ;
#554 = ORIENTED_EDGE ( 'NONE', *, *, #1036, .T. ) ;
#555 = EDGE_CURVE ( 'NONE', #755, #291, #562, .T. ) ;
#556 = DIRECTION ( 'NONE',  ( -0.000000000000000000, -0.000000000000000000, 1.000000000000000000 ) ) ;
#557 = CIRCLE ( 'NONE', #34, 1.599999999999998979 ) ;
#558 = ORIENTED_EDGE ( 'NONE', *, *, #831, .F. ) ;
#559 = FACE_OUTER_BOUND ( 'NONE', #1213, .T. ) ;
#560 = CONICAL_SURFACE ( 'NONE', #370, 3.149999999999999911, 0.7853981633974490562 ) ;
#561 = ORIENTED_EDGE ( 'NONE', *, *, #1631, .F. ) ;
#562 = LINE ( 'NONE', #306, #505 ) ;
#563 = LINE ( 'NONE', #1128, #316 ) ;
#564 = CARTESIAN_POINT ( 'NONE',  ( -20.00000000000000000, 3.000000000000000444, -3.500000000000001332 ) ) ;
#565 = ADVANCED_FACE ( 'NONE', ( #1368 ), #860, .T. ) ;
#566 = CYLINDRICAL_SURFACE ( 'NONE', #8, 1.000000000000000888 ) ;
#567 = ORIENTED_EDGE ( 'NONE', *, *, #289, .F. ) ;
#568 = CARTESIAN_POINT ( 'NONE',  ( -13.89999999999999680, 27.00000000000000355, -3.000000000000000000 ) ) ;
#569 = ORIENTED_EDGE ( 'NONE', *, *, #1046, .T. ) ;
#570 = LINE ( 'NONE', #1644, #67 ) ;
#571 = VERTEX_POINT ( 'NONE', #337 ) ;
#572 = CIRCLE ( 'NONE', #270, 1.750000000000001554 ) ;
#573 = CARTESIAN_POINT ( 'NONE',  ( 20.00000000000000000, 1.076248422309497165E-15, -41.50000000000000000 ) ) ;
#574 = CIRCLE ( 'NONE', #1305, 1.749999999999999778 ) ;
#575 = EDGE_CURVE ( 'NONE', #446, #229, #205, .T. ) ;
#576 = CYLINDRICAL_SURFACE ( 'NONE', #313, 20.00000000000000000 ) ;
#577 = ORIENTED_EDGE ( 'NONE', *, *, #1147, .F. ) ;
#578 = LINE ( 'NONE', #1547, #1694 ) ;
#579 = ORIENTED_EDGE ( 'NONE', *, *, #74, .F. ) ;
#580 = CARTESIAN_POINT ( 'NONE',  ( -9.350000000000154188, 13.57660624134129712, -10.00000000000000000 ) ) ;
#581 = LINE ( 'NONE', #110, #785 ) ;
#582 = DIRECTION ( 'NONE',  ( 1.000000000000000000, 0.000000000000000000, 0.000000000000000000 ) ) ;
#583 = DIRECTION ( 'NONE',  ( 0.000000000000000000, -1.000000000000000000, 0.000000000000000000 ) ) ;
#584 = CARTESIAN_POINT ( 'NONE',  ( -6.500000000000000888, 20.00000000000000000, -10.00000000000000000 ) ) ;
#585 = ORIENTED_EDGE ( 'NONE', *, *, #1285, .F. ) ;
#586 = VECTOR ( 'NONE', #1033, 1000.000000000000000 ) ;
#587 = DIRECTION ( 'NONE',  ( 1.000000000000000000, 0.000000000000000000, 0.000000000000000000 ) ) ;
#588 = EDGE_CURVE ( 'NONE', #1496, #16, #1313, .T. ) ;
#589 = DIRECTION ( 'NONE',  ( -0.000000000000000000, -0.000000000000000000, 1.000000000000000000 ) ) ;
#590 = AXIS2_PLACEMENT_3D ( 'NONE', #132, #668, #946 ) ;
#591 = FACE_OUTER_BOUND ( 'NONE', #938, .T. ) ;
#592 = DIRECTION ( 'NONE',  ( 1.000000000000000000, 0.000000000000000000, 0.000000000000000000 ) ) ;
#593 = CARTESIAN_POINT ( 'NONE',  ( 6.149999999999874234, 13.57660624134113192, -3.000000000000000000 ) ) ;
#594 = LINE ( 'NONE', #1660, #383 ) ;
#595 = ORIENTED_EDGE ( 'NONE', *, *, #1570, .F. ) ;
#596 = DIRECTION ( 'NONE',  ( 0.000000000000000000, -1.000000000000000000, -1.827831043503507915E-18 ) ) ;
#597 = ORIENTED_EDGE ( 'NONE', *, *, #203, .F. ) ;
#598 = DIRECTION ( 'NONE',  ( 1.000000000000000000, 0.000000000000000000, 0.000000000000000000 ) ) ;
#599 = DIRECTION ( 'NONE',  ( 0.000000000000000000, 0.000000000000000000, -1.000000000000000000 ) ) ;
#600 = DIRECTION ( 'NONE',  ( 0.000000000000000000, 2.593369692312030561E-17, -1.000000000000000000 ) ) ;
#601 = AXIS2_PLACEMENT_3D ( 'NONE', #862, #77, #599 ) ;
#602 = ORIENTED_EDGE ( 'NONE', *, *, #1682, .T. ) ;
#603 = CIRCLE ( 'NONE', #470, 1.599999999999998979 ) ;
#604 = DIRECTION ( 'NONE',  ( -0.000000000000000000, -0.000000000000000000, 1.000000000000000000 ) ) ;
#605 = CC_DESIGN_APPROVAL ( #812, ( #102 ) ) ;
#606 = ORIENTED_EDGE ( 'NONE', *, *, #249, .T. ) ;
#607 = EDGE_LOOP ( 'NONE', ( #1012, #670, #519, #1365 ) ) ;
#608 = DIRECTION ( 'NONE',  ( 1.000000000000000000, 0.000000000000000000, 0.000000000000000000 ) ) ;
#609 = FACE_OUTER_BOUND ( 'NONE', #93, .T. ) ;
#610 = VERTEX_POINT ( 'NONE', #330 ) ;
#611 = EDGE_CURVE ( 'NONE', #14, #1037, #836, .T. ) ;
#612 = ORIENTED_EDGE ( 'NONE', *, *, #1706, .F. ) ;
#613 = FACE_OUTER_BOUND ( 'NONE', #19, .T. ) ;
#614 = DIRECTION ( 'NONE',  ( 0.000000000000000000, 1.000000000000000000, 5.782411586589356653E-16 ) ) ;
#615 = ORIENTED_EDGE ( 'NONE', *, *, #575, .F. ) ;
#616 = CIRCLE ( 'NONE', #1370, 1.749999999999999778 ) ;
#617 = ORIENTED_EDGE ( 'NONE', *, *, #144, .F. ) ;
#618 = DIRECTION ( 'NONE',  ( -1.000000000000000000, -0.000000000000000000, -0.000000000000000000 ) ) ;
#619 = DIRECTION ( 'NONE',  ( -1.000000000000000000, -0.000000000000000000, -0.000000000000000000 ) ) ;
#620 = VECTOR ( 'NONE', #1031, 1000.000000000000000 ) ;
#621 = CARTESIAN_POINT ( 'NONE',  ( 6.150000000000059863, 40.42339375865876860, -3.000000000000000000 ) ) ;
#622 = ADVANCED_FACE ( 'NONE', ( #69 ), #1110, .F. ) ;
#623 = ORIENTED_EDGE ( 'NONE', *, *, #951, .F. ) ;
#624 = ORIENTED_EDGE ( 'NONE', *, *, #1610, .T. ) ;
#625 = ORIENTED_EDGE ( 'NONE', *, *, #154, .T. ) ;
#626 = CARTESIAN_POINT ( 'NONE',  ( -6.149999999999978151, 40.42339375865881834, -10.00000000000000000 ) ) ;
#627 = CARTESIAN_POINT ( 'NONE',  ( -7.749999999999978684, 40.42339375865881834, 0.000000000000000000 ) ) ;
#628 = CARTESIAN_POINT ( 'NONE',  ( 6.150000000000059863, 40.42339375865876860, -10.00000000000000000 ) ) ;
#629 = ORIENTED_EDGE ( 'NONE', *, *, #548, .T. ) ;
#630 = ADVANCED_FACE ( 'NONE', ( #31 ), #566, .T. ) ;
#631 = PERSON_AND_ORGANIZATION ( #807, #1502 ) ;
#632 = AXIS2_PLACEMENT_3D ( 'NONE', #1549, #725, #225 ) ;
#633 = EDGE_CURVE ( 'NONE', #1611, #291, #1480, .T. ) ;
#634 = AXIS2_PLACEMENT_3D ( 'NONE', #1266, #72, #184 ) ;
#635 = CC_DESIGN_APPROVAL ( #1514, ( #409 ) ) ;
#636 = CC_DESIGN_PERSON_AND_ORGANIZATION_ASSIGNMENT ( #649, #918, ( #409 ) ) ;
#637 = VERTEX_POINT ( 'NONE', #593 ) ;
#638 = LINE ( 'NONE', #483, #534 ) ;
#639 = FACE_BOUND ( 'NONE', #964, .T. ) ;
#640 = CARTESIAN_POINT ( 'NONE',  ( -7.749999999999978684, 40.42339375865881834, -1.549999999999998934 ) ) ;
#641 = VERTEX_POINT ( 'NONE', #708 ) ;
#642 = EDGE_CURVE ( 'NONE', #1611, #400, #817, .T. ) ;
#643 = ORIENTED_EDGE ( 'NONE', *, *, #221, .F. ) ;
#644 = CARTESIAN_POINT ( 'NONE',  ( 15.00000000000000000, 10.00000000000000000, -10.49999999999999467 ) ) ;
#645 = VECTOR ( 'NONE', #426, 1000.000000000000000 ) ;
#646 = DIRECTION ( 'NONE',  ( 0.000000000000000000, 0.000000000000000000, -1.000000000000000000 ) ) ;
#647 = LINE ( 'NONE', #248, #532 ) ;
#648 = AXIS2_PLACEMENT_3D ( 'NONE', #230, #892, #346 ) ;
#649 = PERSON_AND_ORGANIZATION ( #807, #1502 ) ;
#650 = ADVANCED_FACE ( 'NONE', ( #845 ), #1241, .F. ) ;
#651 = ORIENTED_EDGE ( 'NONE', *, *, #1406, .T. ) ;
#652 = DIRECTION ( 'NONE',  ( 0.000000000000000000, 0.000000000000000000, -1.000000000000000000 ) ) ;
#653 = DIRECTION ( 'NONE',  ( 0.7071067811865481278, 0.000000000000000000, 0.7071067811865470176 ) ) ;
#654 = ORIENTED_EDGE ( 'NONE', *, *, #1598, .T. ) ;
#655 = CYLINDRICAL_SURFACE ( 'NONE', #1541, 1.000000000000000888 ) ;
#656 = APPROVAL_STATUS ( 'not_yet_approved' ) ;
#657 = AXIS2_PLACEMENT_3D ( 'NONE', #806, #942, #1571 ) ;
#658 = VECTOR ( 'NONE', #153, 1000.000000000000000 ) ;
#659 = AXIS2_PLACEMENT_3D ( 'NONE', #776, #1094, #1709 ) ;
#660 = ORIENTED_EDGE ( 'NONE', *, *, #117, .F. ) ;
#661 = CARTESIAN_POINT ( 'NONE',  ( 15.50000000000000000, 26.99999999999990408, 0.000000000000000000 ) ) ;
#662 = DIRECTION ( 'NONE',  ( 1.000000000000000000, 0.000000000000000000, 0.000000000000000000 ) ) ;
#663 = ORIENTED_EDGE ( 'NONE', *, *, #1072, .T. ) ;
#664 = LINE ( 'NONE', #908, #81 ) ;
#665 = EDGE_CURVE ( 'NONE', #1148, #168, #257, .T. ) ;
#666 = DATE_TIME_ROLE ( 'creation_date' ) ;
#667 = VERTEX_POINT ( 'NONE', #1614 ) ;
#668 = DIRECTION ( 'NONE',  ( 0.000000000000000000, -1.000000000000000000, -1.827831043503507915E-18 ) ) ;
#669 = VECTOR ( 'NONE', #106, 1000.000000000000000 ) ;
#670 = ORIENTED_EDGE ( 'NONE', *, *, #633, .F. ) ;
#671 = DIRECTION ( 'NONE',  ( 1.000000000000000000, 0.000000000000000000, 0.000000000000000000 ) ) ;
#672 = AXIS2_PLACEMENT_3D ( 'NONE', #276, #921, #1062 ) ;
#673 = ADVANCED_FACE ( 'NONE', ( #1092 ), #576, .T. ) ;
#674 = CIRCLE ( 'NONE', #672, 1.600000000000000755 ) ;
#675 = EDGE_LOOP ( 'NONE', ( #733, #91 ) ) ;
#676 = ORIENTED_EDGE ( 'NONE', *, *, #1080, .F. ) ;
#677 = CARTESIAN_POINT ( 'NONE',  ( -6.149999999999979927, 40.42339375865881834, -1.549999999999998934 ) ) ;
#678 = ORIENTED_EDGE ( 'NONE', *, *, #514, .T. ) ;
#679 = DIRECTION ( 'NONE',  ( 0.000000000000000000, 0.000000000000000000, -1.000000000000000000 ) ) ;
#680 = ORIENTED_EDGE ( 'NONE', *, *, #107, .F. ) ;
#681 = EDGE_CURVE ( 'NONE', #284, #1356, #419, .T. ) ;
#682 = VERTEX_POINT ( 'NONE', #1516 ) ;
#683 = EDGE_CURVE ( 'NONE', #1061, #1043, #1645, .T. ) ;
#684 = ORIENTED_EDGE ( 'NONE', *, *, #405, .T. ) ;
#685 = CARTESIAN_POINT ( 'NONE',  ( -15.49999999999999822, 27.00000000000000355, -3.000000000000000000 ) ) ;
#686 = AXIS2_PLACEMENT_3D ( 'NONE', #1557, #1532, #876 ) ;
#687 = VERTEX_POINT ( 'NONE', #1383 ) ;
#688 = CIRCLE ( 'NONE', #1052, 1.750000000000001554 ) ;
#689 = CARTESIAN_POINT ( 'NONE',  ( -20.00000000000000000, 3.000000000000001332, -41.50000000000000000 ) ) ;
#690 = CARTESIAN_POINT ( 'NONE',  ( -15.49999999999999822, 27.00000000000000355, -3.000000000000000000 ) ) ;
#691 = ORIENTED_EDGE ( 'NONE', *, *, #234, .F. ) ;
#692 = CARTESIAN_POINT ( 'NONE',  ( 20.00000000000000000, 3.500000000000000444, -3.500000000000001332 ) ) ;
#693 = VERTEX_POINT ( 'NONE', #1119 ) ;
#694 = DIRECTION ( 'NONE',  ( 0.7071067811865481278, 0.000000000000000000, 0.7071067811865470176 ) ) ;
#695 = DIRECTION ( 'NONE',  ( 0.000000000000000000, -1.000000000000000000, -2.593369692312041346E-17 ) ) ;
#696 = CARTESIAN_POINT ( 'NONE',  ( -7.750000000000152767, 13.57660624134129712, -10.00000000000000000 ) ) ;
#697 = CARTESIAN_POINT ( 'NONE',  ( 7.749999999999874767, 13.57660624134113192, 0.000000000000000000 ) ) ;
#698 = AXIS2_PLACEMENT_3D ( 'NONE', #531, #508, #1320 ) ;
#699 = VECTOR ( 'NONE', #1401, 1000.000000000000000 ) ;
#700 = ORIENTED_EDGE ( 'NONE', *, *, #326, .T. ) ;
#701 = DIRECTION ( 'NONE',  ( -0.000000000000000000, -1.000000000000000000, -1.827831043503507915E-18 ) ) ;
#702 = VECTOR ( 'NONE', #939, 1000.000000000000000 ) ;
#703 = EDGE_LOOP ( 'NONE', ( #1592, #815, #1028, #1481 ) ) ;
#704 = DIRECTION ( 'NONE',  ( -0.000000000000000000, -0.000000000000000000, 1.000000000000000000 ) ) ;
#705 = EDGE_CURVE ( 'NONE', #41, #682, #953, .T. ) ;
#706 = ORIENTED_EDGE ( 'NONE', *, *, #1706, .T. ) ;
#707 = DIRECTION ( 'NONE',  ( -0.000000000000000000, -0.000000000000000000, 1.000000000000000000 ) ) ;
#708 = CARTESIAN_POINT ( 'NONE',  ( 9.350000000000061817, 40.42339375865876860, -1.549999999999998934 ) ) ;
#709 = ORIENTED_EDGE ( 'NONE', *, *, #1438, .T. ) ;
#710 = CARTESIAN_POINT ( 'NONE',  ( 7.749999999999874767, 13.57660624134113192, 0.000000000000000000 ) ) ;
#711 = VERTEX_POINT ( 'NONE', #961 ) ;
#712 = DIRECTION ( 'NONE',  ( 0.000000000000000000, 0.000000000000000000, -1.000000000000000000 ) ) ;
#713 = FACE_BOUND ( 'NONE', #920, .T. ) ;
#714 = CONICAL_SURFACE ( 'NONE', #161, 3.149999999999999911, 0.7853981633974490562 ) ;
#715 = CARTESIAN_POINT ( 'NONE',  ( 15.50000000000000000, 26.99999999999990408, 0.000000000000000000 ) ) ;
#716 = CIRCLE ( 'NONE', #634, 3.149999999999999911 ) ;
#717 = DIRECTION ( 'NONE',  ( 1.000000000000000000, 0.000000000000000000, 0.000000000000000000 ) ) ;
#718 = EDGE_CURVE ( 'NONE', #515, #1006, #97, .T. ) ;
#719 = ORIENTED_EDGE ( 'NONE', *, *, #1355, .F. ) ;
#720 = DIRECTION ( 'NONE',  ( 0.000000000000000000, 0.000000000000000000, -1.000000000000000000 ) ) ;
#721 = VERTEX_POINT ( 'NONE', #418 ) ;
#722 = CARTESIAN_POINT ( 'NONE',  ( 20.00000000000000000, 0.000000000000000000, 0.000000000000000000 ) ) ;
#723 = CYLINDRICAL_SURFACE ( 'NONE', #371, 1.600000000000000755 ) ;
#724 = CYLINDRICAL_SURFACE ( 'NONE', #1646, 6.500000000000000888 ) ;
#725 = DIRECTION ( 'NONE',  ( -0.000000000000000000, -0.000000000000000000, 1.000000000000000000 ) ) ;
#726 = CARTESIAN_POINT ( 'NONE',  ( -15.00000000000000000, 1.919222595678682656E-17, -10.49999999999999467 ) ) ;
#727 = ORIENTED_EDGE ( 'NONE', *, *, #376, .F. ) ;
#728 = EDGE_CURVE ( 'NONE', #1011, #1287, #1487, .T. ) ;
#729 = CARTESIAN_POINT ( 'NONE',  ( -15.00000000000000000, 10.00000000000000000, -8.749999999999996447 ) ) ;
#730 = ORIENTED_EDGE ( 'NONE', *, *, #750, .F. ) ;
#731 = CIRCLE ( 'NONE', #1563, 1.000000000000000888 ) ;
#732 = DIRECTION ( 'NONE',  ( -0.000000000000000000, -0.000000000000000000, 1.000000000000000000 ) ) ;
#733 = ORIENTED_EDGE ( 'NONE', *, *, #1306, .T. ) ;
#734 = AXIS2_PLACEMENT_3D ( 'NONE', #157, #589, #452 ) ;
#735 = ORIENTED_EDGE ( 'NONE', *, *, #535, .F. ) ;
#736 = CARTESIAN_POINT ( 'NONE',  ( 20.00000000000000000, 0.000000000000000000, 0.000000000000000000 ) ) ;
#737 = CARTESIAN_POINT ( 'NONE',  ( 9.349999999999875300, 13.57660624134113192, -3.000000000000000000 ) ) ;
#738 = FACE_BOUND ( 'NONE', #1332, .T. ) ;
#739 = DIRECTION ( 'NONE',  ( 0.000000000000000000, 0.000000000000000000, 1.000000000000000000 ) ) ;
#740 = ORIENTED_EDGE ( 'NONE', *, *, #1135, .T. ) ;
#741 = CARTESIAN_POINT ( 'NONE',  ( 15.00000000000000000, 10.00000000000000000, -12.24999999999999467 ) ) ;
#742 = EDGE_CURVE ( 'NONE', #1298, #1661, #922, .T. ) ;
#743 = DIRECTION ( 'NONE',  ( 1.000000000000000000, 0.000000000000000000, 0.000000000000000000 ) ) ;
#744 = CYLINDRICAL_SURFACE ( 'NONE', #823, 1.600000000000002531 ) ;
#745 = CARTESIAN_POINT ( 'NONE',  ( 13.89999999999999858, 26.99999999999990408, -3.000000000000000000 ) ) ;
#746 = AXIS2_PLACEMENT_3D ( 'NONE', #816, #1352, #30 ) ;
#747 =( NAMED_UNIT ( * ) SI_UNIT ( $, .STERADIAN. ) SOLID_ANGLE_UNIT ( ) );
#748 = EDGE_LOOP ( 'NONE', ( #1629, #602 ) ) ;
#749 = APPROVAL_PERSON_ORGANIZATION ( #1453, #812, #372 ) ;
#750 = EDGE_CURVE ( 'NONE', #805, #1006, #355, .T. ) ;
#751 = ORIENTED_EDGE ( 'NONE', *, *, #1656, .T. ) ;
#752 = CARTESIAN_POINT ( 'NONE',  ( 17.10000000000000142, 26.99999999999990408, -3.000000000000000000 ) ) ;
#753 = DIRECTION ( 'NONE',  ( 0.000000000000000000, 0.000000000000000000, -1.000000000000000000 ) ) ;
#754 = CARTESIAN_POINT ( 'NONE',  ( -20.00000000000000000, 1.102182119232617714E-15, -42.50000000000000000 ) ) ;
#755 = VERTEX_POINT ( 'NONE', #745 ) ;
#756 = PLANE ( 'NONE',  #407 ) ;
#757 = EDGE_LOOP ( 'NONE', ( #1384, #1210 ) ) ;
#758 = VECTOR ( 'NONE', #1542, 1000.000000000000000 ) ;
#759 = VECTOR ( 'NONE', #39, 1000.000000000000000 ) ;
#760 = FACE_BOUND ( 'NONE', #675, .T. ) ;
#761 = DIRECTION ( 'NONE',  ( -1.000000000000000000, 0.000000000000000000, -0.000000000000000000 ) ) ;
#762 = AXIS2_PLACEMENT_3D ( 'NONE', #796, #1333, #141 ) ;
#763 = EDGE_CURVE ( 'NONE', #255, #1424, #616, .T. ) ;
#764 = CARTESIAN_POINT ( 'NONE',  ( 15.00000000000000000, 3.000000000000000000, -10.49999999999999467 ) ) ;
#765 = CALENDAR_DATE ( 2022, 24, 3 ) ;
#766 = EDGE_CURVE ( 'NONE', #291, #277, #887, .T. ) ;
#767 = VERTEX_POINT ( 'NONE', #877 ) ;
#768 = DIRECTION ( 'NONE',  ( 0.000000000000000000, 0.000000000000000000, 1.000000000000000000 ) ) ;
#769 = FACE_BOUND ( 'NONE', #540, .T. ) ;
#770 = CARTESIAN_POINT ( 'NONE',  ( -6.150000000000154010, 13.57660624134129712, -1.549999999999998934 ) ) ;
#771 = EDGE_CURVE ( 'NONE', #687, #1599, #1534, .T. ) ;
#772 = AXIS2_PLACEMENT_3D ( 'NONE', #491, #1294, #1392 ) ;
#773 = AXIS2_PLACEMENT_3D ( 'NONE', #194, #1102, #587 ) ;
#774 = ORIENTED_EDGE ( 'NONE', *, *, #951, .T. ) ;
#775 = DIRECTION ( 'NONE',  ( -0.000000000000000000, -0.000000000000000000, 1.000000000000000000 ) ) ;
#776 = CARTESIAN_POINT ( 'NONE',  ( 7.750000000000062172, 40.42339375865876860, -3.000000000000000000 ) ) ;
#777 = CARTESIAN_POINT ( 'NONE',  ( 1.527916156705042519E-16, 20.00000000000000000, -3.000000000000000000 ) ) ;
#778 = CALENDAR_DATE ( 2022, 24, 3 ) ;
#779 = EDGE_CURVE ( 'NONE', #879, #147, #366, .T. ) ;
#780 = ORIENTED_EDGE ( 'NONE', *, *, #1296, .T. ) ;
#781 = FACE_OUTER_BOUND ( 'NONE', #954, .T. ) ;
#782 = CARTESIAN_POINT ( 'NONE',  ( 19.00000000000000000, 1.301042606982605321E-15, -41.50000000000000000 ) ) ;
#783 = EDGE_LOOP ( 'NONE', ( #1155, #1254, #1595, #944 ) ) ;
#784 = CYLINDRICAL_SURFACE ( 'NONE', #23, 1.600000000000002531 ) ;
#785 = VECTOR ( 'NONE', #374, 1000.000000000000000 ) ;
#786 = ORIENTED_EDGE ( 'NONE', *, *, #463, .T. ) ;
#787 = CARTESIAN_POINT ( 'NONE',  ( 0.000000000000000000, 0.000000000000000000, 0.000000000000000000 ) ) ;
#788 = ORIENTED_EDGE ( 'NONE', *, *, #1682, .F. ) ;
#789 = CARTESIAN_POINT ( 'NONE',  ( 15.00000000000000000, 10.00000000000000000, -10.49999999999999467 ) ) ;
#790 = ADVANCED_FACE ( 'NONE', ( #1279 ), #210, .T. ) ;
#791 = DIRECTION ( 'NONE',  ( 0.000000000000000000, 0.000000000000000000, 1.000000000000000000 ) ) ;
#792 = EDGE_LOOP ( 'NONE', ( #1410, #9, #43, #1337 ) ) ;
#793 = DIRECTION ( 'NONE',  ( -0.000000000000000000, -0.000000000000000000, 1.000000000000000000 ) ) ;
#794 = CALENDAR_DATE ( 2022, 24, 3 ) ;
#795 = ORIENTED_EDGE ( 'NONE', *, *, #1111, .F. ) ;
#796 = CARTESIAN_POINT ( 'NONE',  ( 15.50000000000000000, 26.99999999999990408, -1.549999999999998934 ) ) ;
#797 = VECTOR ( 'NONE', #493, 1000.000000000000000 ) ;
#798 = EDGE_CURVE ( 'NONE', #1484, #641, #90, .T. ) ;
#799 = EDGE_LOOP ( 'NONE', ( #32, #1415, #941, #1360 ) ) ;
#800 = CARTESIAN_POINT ( 'NONE',  ( 20.00000000000000000, 3.500000000000000444, 0.000000000000000000 ) ) ;
#801 = VERTEX_POINT ( 'NONE', #621 ) ;
#802 = ORIENTED_EDGE ( 'NONE', *, *, #1274, .F. ) ;
#803 = CARTESIAN_POINT ( 'NONE',  ( 19.00000000000000000, 3.000000000000001332, -41.50000000000000000 ) ) ;
#804 = VECTOR ( 'NONE', #241, 1000.000000000000000 ) ;
#805 = VERTEX_POINT ( 'NONE', #1149 ) ;
#806 = CARTESIAN_POINT ( 'NONE',  ( 0.000000000000000000, 27.00000000000000000, -3.000000000000000000 ) ) ;
#807 = PERSON ( '未指定', '未指定', '未指定', ('未指定'), ('未指定'), ('未指定') ) ;
#808 = ADVANCED_FACE ( 'NONE', ( #1689, #492, #738, #1671, #1295, #1026, #1558, #613 ), #1270, .F. ) ;
#809 = CIRCLE ( 'NONE', #1262, 1.600000000000000755 ) ;
#810 = EDGE_CURVE ( 'NONE', #667, #1661, #1697, .T. ) ;
#811 = ORIENTED_EDGE ( 'NONE', *, *, #135, .T. ) ;
#812 = APPROVAL ( #1312, '未指定' ) ;
#813 = VERTEX_POINT ( 'NONE', #864 ) ;
#814 = DIRECTION ( 'NONE',  ( -1.000000000000000000, 0.000000000000000000, 0.000000000000000000 ) ) ;
#815 = ORIENTED_EDGE ( 'NONE', *, *, #96, .F. ) ;
#816 = CARTESIAN_POINT ( 'NONE',  ( -7.750000000000152767, 13.57660624134129712, -3.000000000000000000 ) ) ;
#817 = LINE ( 'NONE', #189, #345 ) ;
#818 = EDGE_CURVE ( 'NONE', #974, #324, #1562, .T. ) ;
#819 = ORIENTED_EDGE ( 'NONE', *, *, #798, .T. ) ;
#820 = CARTESIAN_POINT ( 'NONE',  ( 7.750000000000062172, 40.42339375865876860, 0.000000000000000000 ) ) ;
#821 = ORIENTED_EDGE ( 'NONE', *, *, #551, .T. ) ;
#822 = FACE_OUTER_BOUND ( 'NONE', #1441, .T. ) ;
#823 = AXIS2_PLACEMENT_3D ( 'NONE', #1269, #498, #592 ) ;
#824 = ORIENTED_EDGE ( 'NONE', *, *, #179, .F. ) ;
#825 = CIRCLE ( 'NONE', #137, 3.149999999999999911 ) ;
#826 = CARTESIAN_POINT ( 'NONE',  ( 20.00000000000000000, 3.500000000000000444, 0.000000000000000000 ) ) ;
#827 = ORIENTED_EDGE ( 'NONE', *, *, #1080, .T. ) ;
#828 = DIRECTION ( 'NONE',  ( -0.000000000000000000, -0.000000000000000000, 1.000000000000000000 ) ) ;
#829 = ORIENTED_EDGE ( 'NONE', *, *, #551, .F. ) ;
#830 = FACE_OUTER_BOUND ( 'NONE', #607, .T. ) ;
#831 = EDGE_CURVE ( 'NONE', #687, #1225, #731, .T. ) ;
#832 = ORIENTED_EDGE ( 'NONE', *, *, #1553, .T. ) ;
#833 = DIRECTION ( 'NONE',  ( -0.000000000000000000, -0.000000000000000000, 1.000000000000000000 ) ) ;
#834 = CARTESIAN_POINT ( 'NONE',  ( 1.527916156705042519E-16, 20.00000000000000000, -10.00000000000000000 ) ) ;
#835 = DIRECTION ( 'NONE',  ( 0.000000000000000000, 0.000000000000000000, 1.000000000000000000 ) ) ;
#836 = LINE ( 'NONE', #1354, #122 ) ;
#837 = ORIENTED_EDGE ( 'NONE', *, *, #1670, .F. ) ;
#838 = CARTESIAN_POINT ( 'NONE',  ( 7.750000000000062172, 40.42339375865876860, 0.000000000000000000 ) ) ;
#839 = CIRCLE ( 'NONE', #1649, 3.499999999999999556 ) ;
#840 = ORIENTED_EDGE ( 'NONE', *, *, #214, .T. ) ;
#841 = CARTESIAN_POINT ( 'NONE',  ( -7.749999999999978684, 40.42339375865881834, -10.00000000000000000 ) ) ;
#842 = EDGE_CURVE ( 'NONE', #1037, #610, #868, .T. ) ;
#843 = CARTESIAN_POINT ( 'NONE',  ( 15.00000000000000000, 6.306017100087102267E-17, -34.49999999999999289 ) ) ;
#844 = CARTESIAN_POINT ( 'NONE',  ( -4.599999999999979217, 40.42339375865881834, 0.000000000000000000 ) ) ;
#845 = FACE_OUTER_BOUND ( 'NONE', #1613, .T. ) ;
#846 = ORIENTED_EDGE ( 'NONE', *, *, #798, .F. ) ;
#847 = DIRECTION ( 'NONE',  ( 1.000000000000000000, 0.000000000000000000, 0.000000000000000000 ) ) ;
#848 = ORIENTED_EDGE ( 'NONE', *, *, #414, .F. ) ;
#849 = DIRECTION ( 'NONE',  ( 0.000000000000000000, 0.000000000000000000, 1.000000000000000000 ) ) ;
#850 = CARTESIAN_POINT ( 'NONE',  ( -15.00000000000000000, 3.000000000000000888, -34.49999999999999289 ) ) ;
#851 = AXIS2_PLACEMENT_3D ( 'NONE', #444, #987, #977 ) ;
#852 = DIRECTION ( 'NONE',  ( 0.000000000000000000, 0.000000000000000000, -1.000000000000000000 ) ) ;
#853 = EDGE_CURVE ( 'NONE', #1308, #1225, #486, .T. ) ;
#854 = CONICAL_SURFACE ( 'NONE', #193, 3.149999999999999911, 0.7853981633974490562 ) ;
#855 = DIRECTION ( 'NONE',  ( 0.000000000000000000, 0.000000000000000000, -1.000000000000000000 ) ) ;
#856 = CC_DESIGN_APPROVAL ( #18, ( #88 ) ) ;
#857 = LINE ( 'NONE', #1264, #1053 ) ;
#858 = VERTEX_POINT ( 'NONE', #1141 ) ;
#859 = CARTESIAN_POINT ( 'NONE',  ( -7.749999999999978684, 40.42339375865881834, -1.549999999999998934 ) ) ;
#860 = PLANE ( 'NONE',  #1088 ) ;
#861 = CARTESIAN_POINT ( 'NONE',  ( 15.50000000000000000, 26.99999999999990408, 0.000000000000000000 ) ) ;
#862 = CARTESIAN_POINT ( 'NONE',  ( 15.00000000000000000, 3.000000000000000000, -10.49999999999999467 ) ) ;
#863 = EDGE_CURVE ( 'NONE', #801, #41, #235, .T. ) ;
#864 = CARTESIAN_POINT ( 'NONE',  ( 0.000000000000000000, 47.00000000000000000, -3.000000000000000000 ) ) ;
#865 = ORIENTED_EDGE ( 'NONE', *, *, #117, .T. ) ;
#866 = CARTESIAN_POINT ( 'NONE',  ( 20.00000000000000000, 0.000000000000000000, -3.000000000000000000 ) ) ;
#867 = VERTEX_POINT ( 'NONE', #770 ) ;
#868 = CIRCLE ( 'NONE', #1290, 0.5000000000000004441 ) ;
#869 = EDGE_CURVE ( 'NONE', #446, #711, #1304, .T. ) ;
#870 = DIRECTION ( 'NONE',  ( 0.000000000000000000, 0.000000000000000000, -1.000000000000000000 ) ) ;
#871 = CIRCLE ( 'NONE', #482, 1.750000000000001554 ) ;
#872 = EDGE_CURVE ( 'NONE', #974, #131, #349, .T. ) ;
#873 = AXIS2_PLACEMENT_3D ( 'NONE', #36, #315, #1350 ) ;
#874 = EDGE_LOOP ( 'NONE', ( #691, #904, #293, #623 ) ) ;
#875 = CARTESIAN_POINT ( 'NONE',  ( 7.750000000000062172, 40.42339375865876860, 0.000000000000000000 ) ) ;
#876 = DIRECTION ( 'NONE',  ( 1.000000000000000000, 0.000000000000000000, 0.000000000000000000 ) ) ;
#877 = CARTESIAN_POINT ( 'NONE',  ( 15.00000000000000000, 3.000000000000000888, -32.74999999999999289 ) ) ;
#878 = DIRECTION ( 'NONE',  ( 1.000000000000000000, 0.000000000000000000, 0.000000000000000000 ) ) ;
#879 = VERTEX_POINT ( 'NONE', #264 ) ;
#880 = DIRECTION ( 'NONE',  ( -0.000000000000000000, -0.000000000000000000, 1.000000000000000000 ) ) ;
#881 = EDGE_CURVE ( 'NONE', #403, #1713, #1326, .T. ) ;
#882 = ORIENTED_EDGE ( 'NONE', *, *, #853, .F. ) ;
#883 = CARTESIAN_POINT ( 'NONE',  ( 15.00000000000000000, 2.239093028291796329E-17, -12.24999999999999645 ) ) ;
#884 = CYLINDRICAL_SURFACE ( 'NONE', #632, 1.600000000000000755 ) ;
#885 = PRODUCT_DEFINITION_SHAPE ( 'NONE', 'NONE',  #102 ) ;
#886 = AXIS2_PLACEMENT_3D ( 'NONE', #1688, #1678, #1412 ) ;
#887 = LINE ( 'NONE', #1422, #1118 ) ;
#888 = CONICAL_SURFACE ( 'NONE', #773, 3.149999999999999911, 0.7853981633974485010 ) ;
#889 = DIRECTION ( 'NONE',  ( 1.000000000000000000, 0.000000000000000000, 0.000000000000000000 ) ) ;
#890 = ORIENTED_EDGE ( 'NONE', *, *, #1476, .T. ) ;
#891 = ADVANCED_FACE ( 'NONE', ( #1587 ), #655, .T. ) ;
#892 = DIRECTION ( 'NONE',  ( 0.000000000000000000, 0.000000000000000000, 1.000000000000000000 ) ) ;
#893 = PLANE ( 'NONE',  #1103 ) ;
#894 = DIRECTION ( 'NONE',  ( 1.000000000000000000, 0.000000000000000000, -0.000000000000000000 ) ) ;
#895 = DIRECTION ( 'NONE',  ( -0.000000000000000000, -1.000000000000000000, -1.827831043503507915E-18 ) ) ;
#896 = AXIS2_PLACEMENT_3D ( 'NONE', #49, #1252, #42 ) ;
#897 = AXIS2_PLACEMENT_3D ( 'NONE', #843, #47, #1089 ) ;
#898 = AXIS2_PLACEMENT_3D ( 'NONE', #239, #215, #1677 ) ;
#899 = CARTESIAN_POINT ( 'NONE',  ( -7.749999999999978684, 40.42339375865881834, -3.000000000000000000 ) ) ;
#900 = DIRECTION ( 'NONE',  ( 0.000000000000000000, 0.000000000000000000, 1.000000000000000000 ) ) ;
#901 = AXIS2_PLACEMENT_3D ( 'NONE', #186, #55, #712 ) ;
#902 = EDGE_CURVE ( 'NONE', #637, #1236, #481, .T. ) ;
#903 = CARTESIAN_POINT ( 'NONE',  ( -20.00000000000000000, 3.500000000000000444, -3.500000000000001332 ) ) ;
#904 = ORIENTED_EDGE ( 'NONE', *, *, #881, .T. ) ;
#905 = ORIENTED_EDGE ( 'NONE', *, *, #872, .T. ) ;
#906 = CARTESIAN_POINT ( 'NONE',  ( -12.34999999999999787, 27.00000000000000355, 0.000000000000000000 ) ) ;
#907 = DIRECTION ( 'NONE',  ( 0.000000000000000000, -1.000000000000000000, -1.827831043503507915E-18 ) ) ;
#908 = CARTESIAN_POINT ( 'NONE',  ( 6.149999999999874234, 13.57660624134113192, -10.00000000000000000 ) ) ;
#909 = EDGE_CURVE ( 'NONE', #693, #284, #647, .T. ) ;
#910 = PERSON_AND_ORGANIZATION_ROLE ( 'design_owner' ) ;
#911 = AXIS2_PLACEMENT_3D ( 'NONE', #715, #1638, #1630 ) ;
#912 = CIRCLE ( 'NONE', #1189, 1.000000000000000888 ) ;
#913 = ORIENTED_EDGE ( 'NONE', *, *, #1267, .T. ) ;
#914 = DIRECTION ( 'NONE',  ( 0.000000000000000000, 0.000000000000000000, -1.000000000000000000 ) ) ;
#915 = DIRECTION ( 'NONE',  ( -0.000000000000000000, -0.000000000000000000, 1.000000000000000000 ) ) ;
#916 = ORIENTED_EDGE ( 'NONE', *, *, #50, .F. ) ;
#917 = DIRECTION ( 'NONE',  ( 1.000000000000000000, 0.000000000000000000, 0.000000000000000000 ) ) ;
#918 = PERSON_AND_ORGANIZATION_ROLE ( 'design_supplier' ) ;
#919 = EDGE_CURVE ( 'NONE', #1043, #1037, #1169, .T. ) ;
#920 = EDGE_LOOP ( 'NONE', ( #1223, #680 ) ) ;
#921 = DIRECTION ( 'NONE',  ( 0.000000000000000000, 0.000000000000000000, 1.000000000000000000 ) ) ;
#922 = CIRCLE ( 'NONE', #233, 3.149999999999999911 ) ;
#923 = CARTESIAN_POINT ( 'NONE',  ( 15.00000000000000000, 3.000000000000000888, -34.49999999999999289 ) ) ;
#924 = AXIS2_PLACEMENT_3D ( 'NONE', #1512, #986, #1097 ) ;
#925 = ORIENTED_EDGE ( 'NONE', *, *, #495, .T. ) ;
#926 = DIRECTION ( 'NONE',  ( 0.000000000000000000, -2.593369692312041346E-17, 1.000000000000000000 ) ) ;
#927 = VECTOR ( 'NONE', #1015, 1000.000000000000000 ) ;
#928 = EDGE_CURVE ( 'NONE', #410, #1022, #557, .T. ) ;
#929 = ORIENTED_EDGE ( 'NONE', *, *, #909, .F. ) ;
#930 = CYLINDRICAL_SURFACE ( 'NONE', #318, 6.499999999999999112 ) ;
#931 = DIRECTION ( 'NONE',  ( 0.000000000000000000, 2.593369692312030561E-17, -1.000000000000000000 ) ) ;
#932 = ORIENTED_EDGE ( 'NONE', *, *, #771, .F. ) ;
#933 = ORIENTED_EDGE ( 'NONE', *, *, #881, .F. ) ;
#934 = CARTESIAN_POINT ( 'NONE',  ( 6.499999999999997335, 34.00000000000000000, -3.000000000000000000 ) ) ;
#935 = ORIENTED_EDGE ( 'NONE', *, *, #1699, .F. ) ;
#936 = VECTOR ( 'NONE', #342, 1000.000000000000000 ) ;
#937 = ADVANCED_FACE ( 'NONE', ( #1461 ), #1041, .F. ) ;
#938 = EDGE_LOOP ( 'NONE', ( #932, #1346, #882, #412, #1207, #1601 ) ) ;
#939 = DIRECTION ( 'NONE',  ( 0.000000000000000000, 1.000000000000000000, 0.000000000000000000 ) ) ;
#940 = EDGE_CURVE ( 'NONE', #711, #1536, #978, .T. ) ;
#941 = ORIENTED_EDGE ( 'NONE', *, *, #1215, .F. ) ;
#942 = DIRECTION ( 'NONE',  ( -0.000000000000000000, -0.000000000000000000, -1.000000000000000000 ) ) ;
#943 = CC_DESIGN_DATE_AND_TIME_ASSIGNMENT ( #1059, #6, ( #88 ) ) ;
#944 = ORIENTED_EDGE ( 'NONE', *, *, #548, .F. ) ;
#945 = ORIENTED_EDGE ( 'NONE', *, *, #1347, .F. ) ;
#946 = DIRECTION ( 'NONE',  ( 0.000000000000000000, 1.827831043503507530E-18, -1.000000000000000000 ) ) ;
#947 = VECTOR ( 'NONE', #965, 1000.000000000000000 ) ;
#948 = EDGE_LOOP ( 'NONE', ( #274, #1615, #643, #1479, #1205 ) ) ;
#949 = FACE_OUTER_BOUND ( 'NONE', #227, .T. ) ;
#950 = CLOSED_SHELL ( 'NONE', ( #488, #1002, #1607, #38, #1590, #476, #999, #650, #317, #329, #1069, #622, #1184, #937, #1251, #1176, #1018, #790, #565, #1157, #808, #1447, #1358, #126, #1240, #167, #1087, #506, #1395, #630, #891, #438, #673, #427, #341, #85, #1623, #502, #1010, #73, #541, #359, #1559, #1196, #304, #1127, #1495, #1164, #1336, #1508, #251, #1228, #387 ) ) ;
#951 = EDGE_CURVE ( 'NONE', #867, #487, #138, .T. ) ;
#952 = CIRCLE ( 'NONE', #209, 1.600000000000002531 ) ;
#953 = LINE ( 'NONE', #1524, #645 ) ;
#954 = EDGE_LOOP ( 'NONE', ( #26, #865, #54, #263 ) ) ;
#955 = VERTEX_POINT ( 'NONE', #401 ) ;
#956 = ORIENTED_EDGE ( 'NONE', *, *, #683, .F. ) ;
#957 = DIRECTION ( 'NONE',  ( 1.000000000000000000, 0.000000000000000000, 0.000000000000000000 ) ) ;
#958 = CARTESIAN_POINT ( 'NONE',  ( -17.09999999999999787, 27.00000000000000355, -3.000000000000000000 ) ) ;
#959 = CARTESIAN_POINT ( 'NONE',  ( -6.150000000000152234, 13.57660624134129712, -10.00000000000000000 ) ) ;
#960 = EDGE_CURVE ( 'NONE', #813, #1011, #1302, .T. ) ;
#961 = CARTESIAN_POINT ( 'NONE',  ( -6.500000000000002665, 20.00000000000000000, -3.000000000000000000 ) ) ;
#962 = ORIENTED_EDGE ( 'NONE', *, *, #1546, .F. ) ;
#963 = DIRECTION ( 'NONE',  ( -0.000000000000000000, -0.000000000000000000, 1.000000000000000000 ) ) ;
#964 = EDGE_LOOP ( 'NONE', ( #155, #288 ) ) ;
#965 = DIRECTION ( 'NONE',  ( -0.000000000000000000, -0.000000000000000000, 1.000000000000000000 ) ) ;
#966 = AXIS2_PLACEMENT_3D ( 'NONE', #826, #171, #1621 ) ;
#967 = CARTESIAN_POINT ( 'NONE',  ( 20.00000000000000000, 1.102182119232617714E-15, -42.50000000000000000 ) ) ;
#968 = CONICAL_SURFACE ( 'NONE', #545, 3.149999999999999911, 0.7853981633974490562 ) ;
#969 = LINE ( 'NONE', #287, #331 ) ;
#970 = DIRECTION ( 'NONE',  ( 0.000000000000000000, -1.000000000000000000, -1.827831043503507915E-18 ) ) ;
#971 = EDGE_LOOP ( 'NONE', ( #500, #990, #615, #735 ) ) ;
#972 = DIRECTION ( 'NONE',  ( 0.000000000000000000, -1.000000000000000000, -2.593369692312041346E-17 ) ) ;
#973 = EDGE_CURVE ( 'NONE', #1001, #1477, #1344, .T. ) ;
#974 = VERTEX_POINT ( 'NONE', #800 ) ;
#975 = DIRECTION ( 'NONE',  ( 1.000000000000000000, 0.000000000000000000, 0.000000000000000000 ) ) ;
#976 = CARTESIAN_POINT ( 'NONE',  ( 6.150000000000063416, 40.42339375865876860, -1.549999999999998934 ) ) ;
#977 = DIRECTION ( 'NONE',  ( 1.000000000000000000, 0.000000000000000000, 0.000000000000000000 ) ) ;
#978 = CIRCLE ( 'NONE', #393, 6.500000000000000888 ) ;
#979 = CARTESIAN_POINT ( 'NONE',  ( -15.49999999999999822, 27.00000000000000355, 0.000000000000000000 ) ) ;
#980 = AXIS2_PLACEMENT_3D ( 'NONE', #1394, #182, #290 ) ;
#981 = ORIENTED_EDGE ( 'NONE', *, *, #973, .F. ) ;
#982 = DIRECTION ( 'NONE',  ( -2.478176394252581141E-16, 1.000000000000000000, -0.000000000000000000 ) ) ;
#983 = ORIENTED_EDGE ( 'NONE', *, *, #1438, .F. ) ;
#984 = CYLINDRICAL_SURFACE ( 'NONE', #1067, 20.00000000000000000 ) ;
#985 = EDGE_CURVE ( 'NONE', #1021, #457, #1179, .T. ) ;
#986 = DIRECTION ( 'NONE',  ( -0.000000000000000000, -0.000000000000000000, 1.000000000000000000 ) ) ;
#987 = DIRECTION ( 'NONE',  ( -0.000000000000000000, -0.000000000000000000, 1.000000000000000000 ) ) ;
#988 = DIRECTION ( 'NONE',  ( 0.000000000000000000, 1.827831043503509070E-18, -1.000000000000000000 ) ) ;
#989 = LINE ( 'NONE', #478, #1331 ) ;
#990 = ORIENTED_EDGE ( 'NONE', *, *, #1206, .T. ) ;
#991 = DIRECTION ( 'NONE',  ( 1.000000000000000000, 0.000000000000000000, 0.000000000000000000 ) ) ;
#992 = DIRECTION ( 'NONE',  ( -1.000000000000000000, 0.000000000000000000, -0.000000000000000000 ) ) ;
#993 = EDGE_CURVE ( 'NONE', #637, #667, #664, .T. ) ;
#994 = EDGE_LOOP ( 'NONE', ( #1114, #92, #71, #1202, #824, #684 ) ) ;
#995 = PLANE ( 'NONE',  #1564 ) ;
#996 = VECTOR ( 'NONE', #852, 1000.000000000000000 ) ;
#997 = CARTESIAN_POINT ( 'NONE',  ( -18.64999999999999858, 27.00000000000000355, 0.000000000000000000 ) ) ;
#998 = ORIENTED_EDGE ( 'NONE', *, *, #1670, .T. ) ;
#999 = ADVANCED_FACE ( 'NONE', ( #386 ), #273, .F. ) ;
#1000 = CARTESIAN_POINT ( 'NONE',  ( -15.00000000000000000, 10.00000000000000000, -12.24999999999999467 ) ) ;
#1001 = VERTEX_POINT ( 'NONE', #934 ) ;
#1002 = ADVANCED_FACE ( 'NONE', ( #1335 ), #433, .F. ) ;
#1003 = CARTESIAN_POINT ( 'NONE',  ( 15.50000000000000000, 26.99999999999990408, -3.000000000000000000 ) ) ;
#1004 = ORIENTED_EDGE ( 'NONE', *, *, #526, .T. ) ;
#1005 = CARTESIAN_POINT ( 'NONE',  ( 15.00000000000000000, 6.306017100087102267E-17, -34.49999999999999289 ) ) ;
#1006 = VERTEX_POINT ( 'NONE', #1452 ) ;
#1007 = DIRECTION ( 'NONE',  ( 0.000000000000000000, -1.000000000000000000, -2.593369692312041346E-17 ) ) ;
#1008 = CARTESIAN_POINT ( 'NONE',  ( 20.00000000000000000, 27.00000000000000000, 0.000000000000000000 ) ) ;
#1009 = DIRECTION ( 'NONE',  ( 0.000000000000000000, -1.000000000000000000, 0.000000000000000000 ) ) ;
#1010 = ADVANCED_FACE ( 'NONE', ( #1203 ), #784, .F. ) ;
#1011 = VERTEX_POINT ( 'NONE', #320 ) ;
#1012 = ORIENTED_EDGE ( 'NONE', *, *, #766, .F. ) ;
#1013 = VECTOR ( 'NONE', #1437, 1000.000000000000000 ) ;
#1014 = CARTESIAN_POINT ( 'NONE',  ( -20.00000000000000000, 9.076793923092152724E-17, -3.500000000000003109 ) ) ;
#1015 = DIRECTION ( 'NONE',  ( -0.000000000000000000, -0.000000000000000000, 1.000000000000000000 ) ) ;
#1016 = DIRECTION ( 'NONE',  ( -0.000000000000000000, -0.000000000000000000, 1.000000000000000000 ) ) ;
#1017 = DIRECTION ( 'NONE',  ( 0.000000000000000000, -1.000000000000000000, -2.593369692312041963E-17 ) ) ;
#1018 = ADVANCED_FACE ( 'NONE', ( #1612 ), #20, .T. ) ;
#1019 = CARTESIAN_POINT ( 'NONE',  ( -15.49999999999999822, 27.00000000000000355, -1.549999999999998934 ) ) ;
#1020 = EDGE_LOOP ( 'NONE', ( #660, #460, #751, #156 ) ) ;
#1021 = VERTEX_POINT ( 'NONE', #573 ) ;
#1022 = VERTEX_POINT ( 'NONE', #1098 ) ;
#1023 = CARTESIAN_POINT ( 'NONE',  ( 7.750000000000062172, 40.42339375865876860, -3.000000000000000000 ) ) ;
#1024 = CARTESIAN_POINT ( 'NONE',  ( 15.00000000000000000, 6.625887532700215632E-17, -36.25000000000000000 ) ) ;
#1025 = CIRCLE ( 'NONE', #746, 1.600000000000000755 ) ;
#1026 = FACE_BOUND ( 'NONE', #206, .T. ) ;
#1027 = CIRCLE ( 'NONE', #659, 1.600000000000002531 ) ;
#1028 = ORIENTED_EDGE ( 'NONE', *, *, #728, .F. ) ;
#1029 = EDGE_CURVE ( 'NONE', #421, #813, #57, .T. ) ;
#1030 = VERTEX_POINT ( 'NONE', #296 ) ;
#1031 = DIRECTION ( 'NONE',  ( 0.000000000000000000, -2.593369692312041346E-17, 1.000000000000000000 ) ) ;
#1032 = DIRECTION ( 'NONE',  ( -0.000000000000000000, -1.000000000000000000, -1.827831043503507915E-18 ) ) ;
#1033 = DIRECTION ( 'NONE',  ( -0.7071067811865481278, 8.659560562354940254E-17, 0.7071067811865470176 ) ) ;
#1034 = VECTOR ( 'NONE', #5, 1000.000000000000000 ) ;
#1035 = CIRCLE ( 'NONE', #873, 3.149999999999999911 ) ;
#1036 = EDGE_CURVE ( 'NONE', #410, #1433, #328, .T. ) ;
#1037 = VERTEX_POINT ( 'NONE', #564 ) ;
#1038 = CARTESIAN_POINT ( 'NONE',  ( -7.749999999999978684, 40.42339375865881834, -3.000000000000000000 ) ) ;
#1039 = DIRECTION ( 'NONE',  ( 0.000000000000000000, 0.000000000000000000, -1.000000000000000000 ) ) ;
#1040 = AXIS2_PLACEMENT_3D ( 'NONE', #685, #849, #975 ) ;
#1041 = CYLINDRICAL_SURFACE ( 'NONE', #1589, 1.600000000000000755 ) ;
#1042 = PERSON_AND_ORGANIZATION ( #807, #1502 ) ;
#1043 = VERTEX_POINT ( 'NONE', #689 ) ;
#1044 = CARTESIAN_POINT ( 'NONE',  ( -15.49999999999999822, 27.00000000000000355, 0.000000000000000000 ) ) ;
#1045 = FACE_BOUND ( 'NONE', #1489, .T. ) ;
#1046 = EDGE_CURVE ( 'NONE', #277, #400, #51, .T. ) ;
#1047 = EDGE_LOOP ( 'NONE', ( #544, #142, #244, #579 ) ) ;
#1048 = CARTESIAN_POINT ( 'NONE',  ( -10.90000000000015312, 13.57660624134129712, 0.000000000000000000 ) ) ;
#1049 = EDGE_CURVE ( 'NONE', #767, #75, #572, .T. ) ;
#1050 = COORDINATED_UNIVERSAL_TIME_OFFSET ( 8, 0, .AHEAD. ) ;
#1051 = VECTOR ( 'NONE', #475, 1000.000000000000000 ) ;
#1052 = AXIS2_PLACEMENT_3D ( 'NONE', #1005, #596, #1641 ) ;
#1053 = VECTOR ( 'NONE', #363, 1000.000000000000000 ) ;
#1054 = ORIENTED_EDGE ( 'NONE', *, *, #1610, .F. ) ;
#1055 = DIRECTION ( 'NONE',  ( -0.000000000000000000, -1.000000000000000000, -1.827831043503507915E-18 ) ) ;
#1056 = DIRECTION ( 'NONE',  ( 1.000000000000000000, 0.000000000000000000, 0.000000000000000000 ) ) ;
#1057 = ORIENTED_EDGE ( 'NONE', *, *, #705, .F. ) ;
#1058 = DIRECTION ( 'NONE',  ( 0.7071067811865481278, 0.000000000000000000, 0.7071067811865470176 ) ) ;
#1059 = DATE_AND_TIME ( #778, #336 ) ;
#1060 = EDGE_CURVE ( 'NONE', #183, #755, #1528, .T. ) ;
#1061 = VERTEX_POINT ( 'NONE', #1485 ) ;
#1062 = DIRECTION ( 'NONE',  ( 1.000000000000000000, 0.000000000000000000, 0.000000000000000000 ) ) ;
#1063 = VECTOR ( 'NONE', #477, 1000.000000000000000 ) ;
#1064 = LINE ( 'NONE', #1702, #1530 ) ;
#1065 = ORIENTED_EDGE ( 'NONE', *, *, #1171, .F. ) ;
#1066 = DIRECTION ( 'NONE',  ( -0.000000000000000000, -1.000000000000000000, -1.827831043503507915E-18 ) ) ;
#1067 = AXIS2_PLACEMENT_3D ( 'NONE', #1510, #285, #814 ) ;
#1068 = COORDINATED_UNIVERSAL_TIME_OFFSET ( 8, 0, .AHEAD. ) ;
#1069 = ADVANCED_FACE ( 'NONE', ( #949 ), #1363, .F. ) ;
#1070 = ORIENTED_EDGE ( 'NONE', *, *, #279, .F. ) ;
#1071 = CARTESIAN_POINT ( 'NONE',  ( 18.64999999999999858, 26.99999999999990408, 0.000000000000000000 ) ) ;
#1072 = EDGE_CURVE ( 'NONE', #1519, #867, #553, .T. ) ;
#1073 = ORIENTED_EDGE ( 'NONE', *, *, #1699, .T. ) ;
#1074 = DIRECTION ( 'NONE',  ( 1.000000000000000000, 0.000000000000000000, 0.000000000000000000 ) ) ;
#1075 = ORIENTED_EDGE ( 'NONE', *, *, #1111, .T. ) ;
#1076 = AXIS2_PLACEMENT_3D ( 'NONE', #416, #1249, #582 ) ;
#1077 = VECTOR ( 'NONE', #614, 1000.000000000000000 ) ;
#1078 = VERTEX_POINT ( 'NONE', #434 ) ;
#1079 = DIRECTION ( 'NONE',  ( 0.000000000000000000, -1.000000000000000000, 0.000000000000000000 ) ) ;
#1080 = EDGE_CURVE ( 'NONE', #767, #439, #969, .T. ) ;
#1081 = ADVANCED_BREP_SHAPE_REPRESENTATION ( 'JGB37支架', ( #21, #1472 ), #1582 ) ;
#1082 = ORIENTED_EDGE ( 'NONE', *, *, #1546, .T. ) ;
#1083 = CARTESIAN_POINT ( 'NONE',  ( 15.00000000000000000, 3.000000000000000888, -34.49999999999999289 ) ) ;
#1084 = ORIENTED_EDGE ( 'NONE', *, *, #902, .T. ) ;
#1085 = ORIENTED_EDGE ( 'NONE', *, *, #1631, .T. ) ;
#1086 = DIRECTION ( 'NONE',  ( 1.000000000000000000, 0.000000000000000000, 0.000000000000000000 ) ) ;
#1087 = ADVANCED_FACE ( 'NONE', ( #1117 ), #308, .F. ) ;
#1088 = AXIS2_PLACEMENT_3D ( 'NONE', #1399, #992, #1529 ) ;
#1089 = DIRECTION ( 'NONE',  ( 0.000000000000000000, -1.827831043503509070E-18, 1.000000000000000000 ) ) ;
#1090 = CYLINDRICAL_SURFACE ( 'NONE', #1469, 1.750000000000001554 ) ;
#1091 = CIRCLE ( 'NONE', #898, 1.599999999999998979 ) ;
#1092 = FACE_OUTER_BOUND ( 'NONE', #25, .T. ) ;
#1093 = ORIENTED_EDGE ( 'NONE', *, *, #1642, .F. ) ;
#1094 = DIRECTION ( 'NONE',  ( 0.000000000000000000, 0.000000000000000000, 1.000000000000000000 ) ) ;
#1095 = ORIENTED_EDGE ( 'NONE', *, *, #869, .T. ) ;
#1096 = FACE_OUTER_BOUND ( 'NONE', #1178, .T. ) ;
#1097 = DIRECTION ( 'NONE',  ( 1.000000000000000000, 0.000000000000000000, 0.000000000000000000 ) ) ;
#1098 = CARTESIAN_POINT ( 'NONE',  ( -9.349999999999978328, 40.42339375865881834, -1.549999999999998934 ) ) ;
#1099 = DIRECTION ( 'NONE',  ( 0.000000000000000000, -1.000000000000000000, -1.827831043503507915E-18 ) ) ;
#1100 = EDGE_CURVE ( 'NONE', #1519, #1143, #1025, .T. ) ;
#1101 = ORIENTED_EDGE ( 'NONE', *, *, #405, .F. ) ;
#1102 = DIRECTION ( 'NONE',  ( -0.000000000000000000, -0.000000000000000000, 1.000000000000000000 ) ) ;
#1103 = AXIS2_PLACEMENT_3D ( 'NONE', #1426, #753, #761 ) ;
#1104 = ORIENTED_EDGE ( 'NONE', *, *, #985, .F. ) ;
#1105 = FACE_OUTER_BOUND ( 'NONE', #874, .T. ) ;
#1106 = AXIS2_PLACEMENT_3D ( 'NONE', #1518, #972, #870 ) ;
#1107 = CARTESIAN_POINT ( 'NONE',  ( -15.00000000000000000, 10.00000000000000000, -32.74999999999999289 ) ) ;
#1108 = DIRECTION ( 'NONE',  ( 0.000000000000000000, 0.000000000000000000, -1.000000000000000000 ) ) ;
#1109 = ORIENTED_EDGE ( 'NONE', *, *, #1100, .T. ) ;
#1110 = CYLINDRICAL_SURFACE ( 'NONE', #145, 1.600000000000000755 ) ;
#1111 = EDGE_CURVE ( 'NONE', #867, #403, #220, .T. ) ;
#1112 = ORIENTED_EDGE ( 'NONE', *, *, #588, .T. ) ;
#1113 = DIRECTION ( 'NONE',  ( 1.000000000000000000, 0.000000000000000000, 0.000000000000000000 ) ) ;
#1114 = ORIENTED_EDGE ( 'NONE', *, *, #1215, .T. ) ;
#1115 = DIRECTION ( 'NONE',  ( -0.000000000000000000, -0.000000000000000000, 1.000000000000000000 ) ) ;
#1116 = LINE ( 'NONE', #187, #699 ) ;
#1117 = FACE_OUTER_BOUND ( 'NONE', #411, .T. ) ;
#1118 = VECTOR ( 'NONE', #226, 999.9999999999998863 ) ;
#1119 = CARTESIAN_POINT ( 'NONE',  ( -13.89999999999999858, 27.00000000000000355, -1.549999999999998934 ) ) ;
#1120 = AXIS2_PLACEMENT_3D ( 'NONE', #365, #1701, #504 ) ;
#1121 = CARTESIAN_POINT ( 'NONE',  ( -20.00000000000000000, 9.076793923092152724E-17, -3.500000000000003109 ) ) ;
#1122 = ORIENTED_EDGE ( 'NONE', *, *, #1719, .F. ) ;
#1123 = FACE_OUTER_BOUND ( 'NONE', #948, .T. ) ;
#1124 = CIRCLE ( 'NONE', #1345, 6.499999999999999112 ) ;
#1125 = EDGE_CURVE ( 'NONE', #1356, #284, #358, .T. ) ;
#1126 = CARTESIAN_POINT ( 'NONE',  ( -15.49999999999999822, 27.00000000000000355, -10.00000000000000000 ) ) ;
#1127 = ADVANCED_FACE ( 'NONE', ( #1239 ), #1090, .F. ) ;
#1128 = CARTESIAN_POINT ( 'NONE',  ( 6.500000000000005329, -3.345538132240983308E-15, -3.000000000000000000 ) ) ;
#1129 = FACE_OUTER_BOUND ( 'NONE', #1020, .T. ) ;
#1130 = DIRECTION ( 'NONE',  ( 0.000000000000000000, 0.000000000000000000, -1.000000000000000000 ) ) ;
#1131 = CARTESIAN_POINT ( 'NONE',  ( 4.599999999999875300, 13.57660624134113192, 0.000000000000000000 ) ) ;
#1132 = ORIENTED_EDGE ( 'NONE', *, *, #1100, .F. ) ;
#1133 = ORIENTED_EDGE ( 'NONE', *, *, #633, .T. ) ;
#1134 = CARTESIAN_POINT ( 'NONE',  ( -15.00000000000000000, 3.000000000000000888, -32.74999999999999289 ) ) ;
#1135 = EDGE_CURVE ( 'NONE', #487, #1713, #1214, .T. ) ;
#1136 = ORIENTED_EDGE ( 'NONE', *, *, #1476, .F. ) ;
#1137 = DIRECTION ( 'NONE',  ( 1.000000000000000000, 0.000000000000000000, 0.000000000000000000 ) ) ;
#1138 = VECTOR ( 'NONE', #653, 1000.000000000000000 ) ;
#1139 = LINE ( 'NONE', #1669, #1051 ) ;
#1140 = AXIS2_PLACEMENT_3D ( 'NONE', #710, #1244, #53 ) ;
#1141 = CARTESIAN_POINT ( 'NONE',  ( -6.149999999999978151, 40.42339375865881834, -3.000000000000000000 ) ) ;
#1142 = DIRECTION ( 'NONE',  ( 1.000000000000000000, 0.000000000000000000, 0.000000000000000000 ) ) ;
#1143 = VERTEX_POINT ( 'NONE', #1513 ) ;
#1144 = LINE ( 'NONE', #471, #1389 ) ;
#1145 = FACE_BOUND ( 'NONE', #757, .T. ) ;
#1146 = DIRECTION ( 'NONE',  ( 1.000000000000000000, 0.000000000000000000, 0.000000000000000000 ) ) ;
#1147 = EDGE_CURVE ( 'NONE', #1236, #1078, #1523, .T. ) ;
#1148 = VERTEX_POINT ( 'NONE', #208 ) ;
#1149 = CARTESIAN_POINT ( 'NONE',  ( -15.00000000000000000, 3.000000000000000000, -12.24999999999999467 ) ) ;
#1150 = EDGE_LOOP ( 'NONE', ( #158, #1084 ) ) ;
#1151 = ORIENTED_EDGE ( 'NONE', *, *, #199, .T. ) ;
#1152 = VECTOR ( 'NONE', #1079, 1000.000000000000000 ) ;
#1153 = CARTESIAN_POINT ( 'NONE',  ( 20.00000000000000000, 3.000000000000001332, -42.50000000000000000 ) ) ;
#1154 = DIRECTION ( 'NONE',  ( -0.000000000000000000, -0.000000000000000000, 1.000000000000000000 ) ) ;
#1155 = ORIENTED_EDGE ( 'NONE', *, *, #249, .F. ) ;
#1156 = CARTESIAN_POINT ( 'NONE',  ( 15.00000000000000000, 1.919222595678682656E-17, -10.49999999999999467 ) ) ;
#1157 = ADVANCED_FACE ( 'NONE', ( #354 ), #1420, .T. ) ;
#1158 = ORIENTED_EDGE ( 'NONE', *, *, #1666, .F. ) ;
#1159 = CARTESIAN_POINT ( 'NONE',  ( -9.349999999999980105, 40.42339375865881834, -3.000000000000000000 ) ) ;
#1160 = FACE_OUTER_BOUND ( 'NONE', #799, .T. ) ;
#1161 = AXIS2_PLACEMENT_3D ( 'NONE', #1711, #516, #917 ) ;
#1162 = CARTESIAN_POINT ( 'NONE',  ( 20.00000000000000000, 3.500000000000000444, 0.000000000000000000 ) ) ;
#1163 = DATE_AND_TIME ( #765, #113 ) ;
#1164 = ADVANCED_FACE ( 'NONE', ( #609 ), #714, .F. ) ;
#1165 = ORIENTED_EDGE ( 'NONE', *, *, #1267, .F. ) ;
#1166 = LINE ( 'NONE', #1293, #1515 ) ;
#1167 = FACE_BOUND ( 'NONE', #1047, .T. ) ;
#1168 = EDGE_LOOP ( 'NONE', ( #676, #1245, #1073, #1625 ) ) ;
#1169 = LINE ( 'NONE', #392, #175 ) ;
#1170 = APPLICATION_PROTOCOL_DEFINITION ( 'international standard', 'config_control_design', 1994, #115 ) ;
#1171 = EDGE_CURVE ( 'NONE', #1143, #1519, #1188, .T. ) ;
#1172 = AXIS2_PLACEMENT_3D ( 'NONE', #861, #1657, #1229 ) ;
#1173 = VECTOR ( 'NONE', #1268, 1000.000000000000000 ) ;
#1174 = ORIENTED_EDGE ( 'NONE', *, *, #50, .T. ) ;
#1175 = LINE ( 'NONE', #537, #702 ) ;
#1176 = ADVANCED_FACE ( 'NONE', ( #361 ), #1658, .F. ) ;
#1177 = DIRECTION ( 'NONE',  ( -1.000000000000000000, -0.000000000000000000, -0.000000000000000000 ) ) ;
#1178 = EDGE_LOOP ( 'NONE', ( #510, #1463, #1393, #1282 ) ) ;
#1179 = LINE ( 'NONE', #1602, #1576 ) ;
#1180 = PERSON_AND_ORGANIZATION_ROLE ( 'classification_officer' ) ;
#1181 = EDGE_LOOP ( 'NONE', ( #1509, #152, #554, #1151 ) ) ;
#1182 = CARTESIAN_POINT ( 'NONE',  ( 0.000000000000000000, 47.00000000000000000, 0.000000000000000000 ) ) ;
#1183 = CARTESIAN_POINT ( 'NONE',  ( 15.00000000000000000, 1.919222595678682656E-17, -10.49999999999999467 ) ) ;
#1184 = ADVANCED_FACE ( 'NONE', ( #1695 ), #884, .F. ) ;
#1185 = ORIENTED_EDGE ( 'NONE', *, *, #234, .T. ) ;
#1186 = CARTESIAN_POINT ( 'NONE',  ( 15.50000000000000000, 26.99999999999990408, -10.00000000000000000 ) ) ;
#1187 = AXIS2_PLACEMENT_3D ( 'NONE', #48, #159, #835 ) ;
#1188 = CIRCLE ( 'NONE', #772, 1.600000000000000755 ) ;
#1189 = AXIS2_PLACEMENT_3D ( 'NONE', #782, #399, #931 ) ;
#1190 = CC_DESIGN_SECURITY_CLASSIFICATION ( #88, ( #409 ) ) ;
#1191 = EDGE_LOOP ( 'NONE', ( #1158, #140, #343, #730 ) ) ;
#1192 = CARTESIAN_POINT ( 'NONE',  ( -15.00000000000000000, 3.000000000000000000, -8.749999999999996447 ) ) ;
#1193 = CARTESIAN_POINT ( 'NONE',  ( -4.599999999999979217, 40.42339375865881834, 0.000000000000000000 ) ) ;
#1194 = ORIENTED_EDGE ( 'NONE', *, *, #1436, .T. ) ;
#1195 = DIRECTION ( 'NONE',  ( -0.000000000000000000, -0.000000000000000000, 1.000000000000000000 ) ) ;
#1196 = ADVANCED_FACE ( 'NONE', ( #1129 ), #1260, .F. ) ;
#1197 = PERSON_AND_ORGANIZATION ( #807, #1502 ) ;
#1198 = CC_DESIGN_DATE_AND_TIME_ASSIGNMENT ( #258, #666, ( #102 ) ) ;
#1199 = AXIS2_PLACEMENT_3D ( 'NONE', #458, #970, #988 ) ;
#1200 = ORIENTED_EDGE ( 'NONE', *, *, #1314, .F. ) ;
#1201 = CARTESIAN_POINT ( 'NONE',  ( 20.00000000000000000, 3.500000000000000444, -3.000000000000000000 ) ) ;
#1202 = ORIENTED_EDGE ( 'NONE', *, *, #611, .F. ) ;
#1203 = FACE_OUTER_BOUND ( 'NONE', #1448, .T. ) ;
#1204 = CIRCLE ( 'NONE', #37, 1.599999999999998979 ) ;
#1205 = ORIENTED_EDGE ( 'NONE', *, *, #289, .T. ) ;
#1206 = EDGE_CURVE ( 'NONE', #1477, #229, #298, .T. ) ;
#1207 = ORIENTED_EDGE ( 'NONE', *, *, #985, .T. ) ;
#1208 = VERTEX_POINT ( 'NONE', #1024 ) ;
#1209 = CARTESIAN_POINT ( 'NONE',  ( 20.00000000000000000, 3.500000000000000444, -3.500000000000001332 ) ) ;
#1210 = ORIENTED_EDGE ( 'NONE', *, *, #1666, .T. ) ;
#1211 = DIRECTION ( 'NONE',  ( 1.000000000000000000, 0.000000000000000000, 0.000000000000000000 ) ) ;
#1212 = EDGE_LOOP ( 'NONE', ( #1101, #585, #945, #385 ) ) ;
#1213 = EDGE_LOOP ( 'NONE', ( #511, #706, #1608, #709 ) ) ;
#1214 = CIRCLE ( 'NONE', #851, 3.149999999999999911 ) ;
#1215 = EDGE_CURVE ( 'NONE', #721, #1061, #465, .T. ) ;
#1216 = VECTOR ( 'NONE', #1498, 1000.000000000000000 ) ;
#1217 = ORIENTED_EDGE ( 'NONE', *, *, #1416, .T. ) ;
#1218 = DIRECTION ( 'NONE',  ( -0.000000000000000000, -0.000000000000000000, 1.000000000000000000 ) ) ;
#1219 = FACE_OUTER_BOUND ( 'NONE', #1640, .T. ) ;
#1220 = DIRECTION ( 'NONE',  ( 0.000000000000000000, -1.000000000000000000, -2.593369692312041346E-17 ) ) ;
#1221 = ORIENTED_EDGE ( 'NONE', *, *, #728, .T. ) ;
#1222 = DIRECTION ( 'NONE',  ( 1.000000000000000000, 0.000000000000000000, 0.000000000000000000 ) ) ;
#1223 = ORIENTED_EDGE ( 'NONE', *, *, #1465, .F. ) ;
#1224 = CARTESIAN_POINT ( 'NONE',  ( -20.00000000000000000, 3.500000000000000444, -3.500000000000001332 ) ) ;
#1225 = VERTEX_POINT ( 'NONE', #484 ) ;
#1226 = CARTESIAN_POINT ( 'NONE',  ( -17.09999999999999787, 27.00000000000000355, -10.00000000000000000 ) ) ;
#1227 = AXIS2_PLACEMENT_3D ( 'NONE', #499, #362, #894 ) ;
#1228 = ADVANCED_FACE ( 'NONE', ( #198 ), #1664, .F. ) ;
#1229 = DIRECTION ( 'NONE',  ( 1.000000000000000000, 0.000000000000000000, 0.000000000000000000 ) ) ;
#1230 = CARTESIAN_POINT ( 'NONE',  ( 0.000000000000000000, 47.00000000000000000, 0.000000000000000000 ) ) ;
#1231 = ORIENTED_EDGE ( 'NONE', *, *, #705, .T. ) ;
#1232 = CIRCLE ( 'NONE', #1120, 20.00000000000000000 ) ;
#1233 = DIRECTION ( 'NONE',  ( 0.000000000000000000, 0.000000000000000000, 1.000000000000000000 ) ) ;
#1234 = ORIENTED_EDGE ( 'NONE', *, *, #818, .T. ) ;
#1235 = FACE_OUTER_BOUND ( 'NONE', #1667, .T. ) ;
#1236 = VERTEX_POINT ( 'NONE', #737 ) ;
#1237 = DIRECTION ( 'NONE',  ( 0.000000000000000000, -1.000000000000000000, -5.782411586589356653E-16 ) ) ;
#1238 = DIRECTION ( 'NONE',  ( 0.000000000000000000, -1.000000000000000000, 0.000000000000000000 ) ) ;
#1239 = FACE_OUTER_BOUND ( 'NONE', #1168, .T. ) ;
#1240 = ADVANCED_FACE ( 'NONE', ( #1160 ), #893, .T. ) ;
#1241 = CYLINDRICAL_SURFACE ( 'NONE', #896, 1.750000000000001554 ) ;
#1242 = APPLICATION_CONTEXT ( 'configuration controlled 3d designs of mechanical parts and assemblies' ) ;
#1243 = ORIENTED_EDGE ( 'NONE', *, *, #1570, .T. ) ;
#1244 = DIRECTION ( 'NONE',  ( -0.000000000000000000, -0.000000000000000000, 1.000000000000000000 ) ) ;
#1245 = ORIENTED_EDGE ( 'NONE', *, *, #1306, .F. ) ;
#1246 = DIRECTION ( 'NONE',  ( -0.000000000000000000, -0.000000000000000000, -1.000000000000000000 ) ) ;
#1247 = AXIS2_PLACEMENT_3D ( 'NONE', #1224, #375, #1450 ) ;
#1248 = LINE ( 'NONE', #464, #281 ) ;
#1249 = DIRECTION ( 'NONE',  ( 0.000000000000000000, 0.000000000000000000, 1.000000000000000000 ) ) ;
#1250 = EDGE_LOOP ( 'NONE', ( #286, #1460, #569, #1526 ) ) ;
#1251 = ADVANCED_FACE ( 'NONE', ( #1284 ), #744, .F. ) ;
#1252 = DIRECTION ( 'NONE',  ( -0.000000000000000000, -1.000000000000000000, -1.827831043503507915E-18 ) ) ;
#1253 = LINE ( 'NONE', #729, #797 ) ;
#1254 = ORIENTED_EDGE ( 'NONE', *, *, #810, .T. ) ;
#1255 = CARTESIAN_POINT ( 'NONE',  ( -15.00000000000000000, 10.00000000000000000, -10.49999999999999467 ) ) ;
#1256 = CC_DESIGN_PERSON_AND_ORGANIZATION_ASSIGNMENT ( #631, #1180, ( #88 ) ) ;
#1257 = ORIENTED_EDGE ( 'NONE', *, *, #940, .T. ) ;
#1258 = CARTESIAN_POINT ( 'NONE',  ( -6.500000000000000888, 34.00000000000000000, -3.000000000000000000 ) ) ;
#1259 = DIRECTION ( 'NONE',  ( 0.000000000000000000, 0.000000000000000000, 1.000000000000000000 ) ) ;
#1260 = CYLINDRICAL_SURFACE ( 'NONE', #1386, 1.750000000000001554 ) ;
#1261 = DIRECTION ( 'NONE',  ( 1.000000000000000000, 0.000000000000000000, 0.000000000000000000 ) ) ;
#1262 = AXIS2_PLACEMENT_3D ( 'NONE', #1038, #1434, #1137 ) ;
#1263 = CIRCLE ( 'NONE', #1040, 1.600000000000000755 ) ;
#1264 = CARTESIAN_POINT ( 'NONE',  ( -20.00000000000000000, 27.00000000000000000, -3.000000000000000000 ) ) ;
#1265 = ORIENTED_EDGE ( 'NONE', *, *, #742, .T. ) ;
#1266 = CARTESIAN_POINT ( 'NONE',  ( 7.749999999999874767, 13.57660624134113192, 0.000000000000000000 ) ) ;
#1267 = EDGE_CURVE ( 'NONE', #571, #1356, #95, .T. ) ;
#1268 = DIRECTION ( 'NONE',  ( 0.000000000000000000, 1.000000000000000000, 0.000000000000000000 ) ) ;
#1269 = CARTESIAN_POINT ( 'NONE',  ( 7.750000000000062172, 40.42339375865876860, -10.00000000000000000 ) ) ;
#1270 = PLANE ( 'NONE',  #1227 ) ;
#1271 = ORIENTED_EDGE ( 'NONE', *, *, #526, .F. ) ;
#1272 = ORIENTED_EDGE ( 'NONE', *, *, #779, .T. ) ;
#1273 = CARTESIAN_POINT ( 'NONE',  ( 6.500000000000000888, 20.00000000000000000, -3.000000000000000000 ) ) ;
#1274 = EDGE_CURVE ( 'NONE', #147, #879, #1327, .T. ) ;
#1275 = FACE_BOUND ( 'NONE', #1707, .T. ) ;
#1276 = CIRCLE ( 'NONE', #518, 1.599999999999998979 ) ;
#1277 = CARTESIAN_POINT ( 'NONE',  ( -1.653273178848926275E-15, 34.00000000000000000, 0.000000000000000000 ) ) ;
#1278 = AXIS2_PLACEMENT_3D ( 'NONE', #1288, #1684, #1142 ) ;
#1279 = FACE_OUTER_BOUND ( 'NONE', #1490, .T. ) ;
#1280 = CIRCLE ( 'NONE', #523, 0.5000000000000004441 ) ;
#1281 = ORIENTED_EDGE ( 'NONE', *, *, #842, .T. ) ;
#1282 = ORIENTED_EDGE ( 'NONE', *, *, #928, .T. ) ;
#1283 = DIRECTION ( 'NONE',  ( -0.000000000000000000, -0.000000000000000000, 1.000000000000000000 ) ) ;
#1284 = FACE_OUTER_BOUND ( 'NONE', #406, .T. ) ;
#1285 = EDGE_CURVE ( 'NONE', #1021, #422, #1139, .T. ) ;
#1286 = CARTESIAN_POINT ( 'NONE',  ( 20.00000000000000000, 3.000000000000000444, -3.500000000000001332 ) ) ;
#1287 = VERTEX_POINT ( 'NONE', #1008 ) ;
#1288 = CARTESIAN_POINT ( 'NONE',  ( 7.749999999999874767, 13.57660624134113192, -1.549999999999998934 ) ) ;
#1289 = ORIENTED_EDGE ( 'NONE', *, *, #863, .F. ) ;
#1290 = AXIS2_PLACEMENT_3D ( 'NONE', #903, #217, #369 ) ;
#1291 = PRODUCT ( 'JGB37支架', 'JGB37支架', '', ( #1439 ) ) ;
#1292 = CIRCLE ( 'NONE', #148, 1.600000000000000755 ) ;
#1293 = CARTESIAN_POINT ( 'NONE',  ( 20.00000000000000000, 9.076793923092152724E-17, -3.500000000000003109 ) ) ;
#1294 = DIRECTION ( 'NONE',  ( 0.000000000000000000, 0.000000000000000000, 1.000000000000000000 ) ) ;
#1295 = FACE_BOUND ( 'NONE', #357, .T. ) ;
#1296 = EDGE_CURVE ( 'NONE', #641, #1030, #1540, .T. ) ;
#1297 = CALENDAR_DATE ( 2022, 24, 3 ) ;
#1298 = VERTEX_POINT ( 'NONE', #3 ) ;
#1299 = DIRECTION ( 'NONE',  ( -0.000000000000000000, -0.000000000000000000, 1.000000000000000000 ) ) ;
#1300 = DIRECTION ( 'NONE',  ( 0.000000000000000000, 1.827831043503509070E-18, -1.000000000000000000 ) ) ;
#1301 = VECTOR ( 'NONE', #377, 1000.000000000000000 ) ;
#1302 = CIRCLE ( 'NONE', #657, 20.00000000000000000 ) ;
#1303 = AXIS2_PLACEMENT_3D ( 'NONE', #1372, #707, #455 ) ;
#1304 = LINE ( 'NONE', #114, #64 ) ;
#1305 = AXIS2_PLACEMENT_3D ( 'NONE', #1183, #1716, #33 ) ;
#1306 = EDGE_CURVE ( 'NONE', #75, #767, #380, .T. ) ;
#1307 = EDGE_CURVE ( 'NONE', #805, #309, #1554, .T. ) ;
#1308 = VERTEX_POINT ( 'NONE', #1594 ) ;
#1309 = CYLINDRICAL_SURFACE ( 'NONE', #1456, 1.749999999999999778 ) ;
#1310 = FACE_OUTER_BOUND ( 'NONE', #381, .T. ) ;
#1311 = DIRECTION ( 'NONE',  ( 0.000000000000000000, 0.000000000000000000, 1.000000000000000000 ) ) ;
#1312 = APPROVAL_STATUS ( 'not_yet_approved' ) ;
#1313 = CIRCLE ( 'NONE', #1704, 1.600000000000000755 ) ;
#1314 = EDGE_CURVE ( 'NONE', #571, #693, #1276, .T. ) ;
#1315 = AXIS2_PLACEMENT_3D ( 'NONE', #169, #1115, #442 ) ;
#1316 = ORIENTED_EDGE ( 'NONE', *, *, #681, .F. ) ;
#1317 = DIRECTION ( 'NONE',  ( -2.478176394252581141E-16, 1.000000000000000000, 0.000000000000000000 ) ) ;
#1318 = DIRECTION ( 'NONE',  ( 0.000000000000000000, -1.000000000000000000, -2.593369692312041346E-17 ) ) ;
#1319 = ORIENTED_EDGE ( 'NONE', *, *, #378, .F. ) ;
#1320 = DIRECTION ( 'NONE',  ( 1.000000000000000000, 0.000000000000000000, 0.000000000000000000 ) ) ;
#1321 = EDGE_CURVE ( 'NONE', #168, #1148, #1581, .T. ) ;
#1322 = ORIENTED_EDGE ( 'NONE', *, *, #1533, .T. ) ;
#1323 = CARTESIAN_POINT ( 'NONE',  ( 13.89999999999999858, 26.99999999999990408, -1.549999999999998934 ) ) ;
#1324 = CARTESIAN_POINT ( 'NONE',  ( 15.00000000000000000, 1.599352163065568674E-17, -8.749999999999994671 ) ) ;
#1325 = ORIENTED_EDGE ( 'NONE', *, *, #1171, .T. ) ;
#1326 = LINE ( 'NONE', #1048, #280 ) ;
#1327 = CIRCLE ( 'NONE', #601, 1.749999999999999778 ) ;
#1328 = CC_DESIGN_PERSON_AND_ORGANIZATION_ASSIGNMENT ( #1429, #910, ( #1291 ) ) ;
#1329 = APPROVAL_STATUS ( 'not_yet_approved' ) ;
#1330 = CIRCLE ( 'NONE', #1720, 3.149999999999999911 ) ;
#1331 = VECTOR ( 'NONE', #1525, 1000.000000000000000 ) ;
#1332 = EDGE_LOOP ( 'NONE', ( #1112, #925 ) ) ;
#1333 = DIRECTION ( 'NONE',  ( -0.000000000000000000, -0.000000000000000000, 1.000000000000000000 ) ) ;
#1334 = ORIENTED_EDGE ( 'NONE', *, *, #74, .T. ) ;
#1335 = FACE_OUTER_BOUND ( 'NONE', #305, .T. ) ;
#1336 = ADVANCED_FACE ( 'NONE', ( #1310 ), #968, .F. ) ;
#1337 = ORIENTED_EDGE ( 'NONE', *, *, #376, .T. ) ;
#1338 = VECTOR ( 'NONE', #556, 1000.000000000000000 ) ;
#1339 = ORIENTED_EDGE ( 'NONE', *, *, #1321, .F. ) ;
#1340 = PLANE ( 'NONE',  #1373 ) ;
#1341 = CIRCLE ( 'NONE', #897, 1.750000000000001554 ) ;
#1342 = CIRCLE ( 'NONE', #1591, 3.149999999999999911 ) ;
#1343 = ORIENTED_EDGE ( 'NONE', *, *, #414, .T. ) ;
#1344 = LINE ( 'NONE', #121, #1301 ) ;
#1345 = AXIS2_PLACEMENT_3D ( 'NONE', #196, #423, #957 ) ;
#1346 = ORIENTED_EDGE ( 'NONE', *, *, #831, .T. ) ;
#1347 = EDGE_CURVE ( 'NONE', #1308, #1021, #912, .T. ) ;
#1348 = ORIENTED_EDGE ( 'NONE', *, *, #1488, .T. ) ;
#1349 = EDGE_LOOP ( 'NONE', ( #1662, #1334, #1054, #322 ) ) ;
#1350 = DIRECTION ( 'NONE',  ( 1.000000000000000000, 0.000000000000000000, 0.000000000000000000 ) ) ;
#1351 = ORIENTED_EDGE ( 'NONE', *, *, #763, .T. ) ;
#1352 = DIRECTION ( 'NONE',  ( 0.000000000000000000, 0.000000000000000000, 1.000000000000000000 ) ) ;
#1353 = EDGE_LOOP ( 'NONE', ( #173, #1577, #832, #1133 ) ) ;
#1354 = CARTESIAN_POINT ( 'NONE',  ( 20.00000000000000000, 3.000000000000000444, -3.500000000000001332 ) ) ;
#1355 = EDGE_CURVE ( 'NONE', #1599, #131, #1419, .T. ) ;
#1356 = VERTEX_POINT ( 'NONE', #254 ) ;
#1357 = CARTESIAN_POINT ( 'NONE',  ( -20.00000000000000000, 3.500000000000000444, -3.000000000000000000 ) ) ;
#1358 = ADVANCED_FACE ( 'NONE', ( #292 ), #507, .T. ) ;
#1359 = CIRCLE ( 'NONE', #300, 1.749999999999999778 ) ;
#1360 = ORIENTED_EDGE ( 'NONE', *, *, #350, .T. ) ;
#1361 = DIRECTION ( 'NONE',  ( -0.000000000000000000, -0.000000000000000000, 1.000000000000000000 ) ) ;
#1362 = CARTESIAN_POINT ( 'NONE',  ( -10.89999999999997904, 40.42339375865881834, 0.000000000000000000 ) ) ;
#1363 = CYLINDRICAL_SURFACE ( 'NONE', #1417, 1.600000000000000755 ) ;
#1364 = DIRECTION ( 'NONE',  ( -0.000000000000000000, -0.000000000000000000, 1.000000000000000000 ) ) ;
#1365 = ORIENTED_EDGE ( 'NONE', *, *, #378, .T. ) ;
#1366 = CYLINDRICAL_SURFACE ( 'NONE', #1604, 1.600000000000000755 ) ;
#1367 = ORIENTED_EDGE ( 'NONE', *, *, #993, .T. ) ;
#1368 = FACE_OUTER_BOUND ( 'NONE', #503, .T. ) ;
#1369 = EDGE_CURVE ( 'NONE', #1424, #255, #574, .T. ) ;
#1370 = AXIS2_PLACEMENT_3D ( 'NONE', #1156, #1659, #466 ) ;
#1371 = DIRECTION ( 'NONE',  ( 0.000000000000000000, 2.593369692312041963E-17, -1.000000000000000000 ) ) ;
#1372 = CARTESIAN_POINT ( 'NONE',  ( -15.49999999999999822, 27.00000000000000355, 0.000000000000000000 ) ) ;
#1373 = AXIS2_PLACEMENT_3D ( 'NONE', #413, #512, #1317 ) ;
#1374 = DIRECTION ( 'NONE',  ( -1.000000000000000000, -0.000000000000000000, -0.000000000000000000 ) ) ;
#1375 = ORIENTED_EDGE ( 'NONE', *, *, #1598, .F. ) ;
#1376 = LINE ( 'NONE', #1409, #496 ) ;
#1377 = ORIENTED_EDGE ( 'NONE', *, *, #28, .T. ) ;
#1378 = DIRECTION ( 'NONE',  ( 1.000000000000000000, 0.000000000000000000, 0.000000000000000000 ) ) ;
#1379 = EDGE_CURVE ( 'NONE', #41, #641, #603, .T. ) ;
#1380 = FACE_BOUND ( 'NONE', #22, .T. ) ;
#1381 = CARTESIAN_POINT ( 'NONE',  ( -7.750000000000152767, 13.57660624134129712, -1.549999999999998934 ) ) ;
#1382 = ORIENTED_EDGE ( 'NONE', *, *, #909, .T. ) ;
#1383 = CARTESIAN_POINT ( 'NONE',  ( -20.00000000000000000, 1.076248422309497165E-15, -41.50000000000000000 ) ) ;
#1384 = ORIENTED_EDGE ( 'NONE', *, *, #1307, .T. ) ;
#1385 = CARTESIAN_POINT ( 'NONE',  ( 6.499999999999997335, 34.00000000000000000, 0.000000000000000000 ) ) ;
#1386 = AXIS2_PLACEMENT_3D ( 'NONE', #216, #1032, #105 ) ;
#1387 = ORIENTED_EDGE ( 'NONE', *, *, #1416, .F. ) ;
#1388 = CARTESIAN_POINT ( 'NONE',  ( -15.00000000000000000, 1.599352163065568674E-17, -8.749999999999996447 ) ) ;
#1389 = VECTOR ( 'NONE', #982, 1000.000000000000000 ) ;
#1390 = FACE_OUTER_BOUND ( 'NONE', #1353, .T. ) ;
#1391 = LOCAL_TIME ( 14, 50, 6.000000000000000000, #237 ) ;
#1392 = DIRECTION ( 'NONE',  ( 1.000000000000000000, 0.000000000000000000, 0.000000000000000000 ) ) ;
#1393 = ORIENTED_EDGE ( 'NONE', *, *, #144, .T. ) ;
#1394 = CARTESIAN_POINT ( 'NONE',  ( 15.50000000000000000, 26.99999999999990408, -1.549999999999998934 ) ) ;
#1395 = ADVANCED_FACE ( 'NONE', ( #559 ), #247, .F. ) ;
#1396 = FACE_OUTER_BOUND ( 'NONE', #1349, .T. ) ;
#1397 = ORIENTED_EDGE ( 'NONE', *, *, #1406, .F. ) ;
#1398 = CARTESIAN_POINT ( 'NONE',  ( 6.500000000000000888, 20.00000000000000000, 0.000000000000000000 ) ) ;
#1399 = CARTESIAN_POINT ( 'NONE',  ( -20.00000000000000000, 9.076793923092152724E-17, -3.500000000000003109 ) ) ;
#1400 = ORIENTED_EDGE ( 'NONE', *, *, #1580, .F. ) ;
#1401 = DIRECTION ( 'NONE',  ( -0.000000000000000000, -1.000000000000000000, -1.827831043503507915E-18 ) ) ;
#1402 = DIRECTION ( 'NONE',  ( -0.000000000000000000, -0.000000000000000000, 1.000000000000000000 ) ) ;
#1403 = AXIS2_PLACEMENT_3D ( 'NONE', #979, #828, #717 ) ;
#1404 = DIRECTION ( 'NONE',  ( 0.000000000000000000, -1.000000000000000000, -2.593369692312041346E-17 ) ) ;
#1405 = AXIS2_PLACEMENT_3D ( 'NONE', #29, #1259, #56 ) ;
#1406 = EDGE_CURVE ( 'NONE', #801, #1484, #1027, .T. ) ;
#1407 = CARTESIAN_POINT ( 'NONE',  ( 17.10000000000000142, 26.99999999999990408, -1.549999999999998934 ) ) ;
#1408 = VERTEX_POINT ( 'NONE', #390 ) ;
#1409 = CARTESIAN_POINT ( 'NONE',  ( 17.10000000000000142, 26.99999999999990408, -10.00000000000000000 ) ) ;
#1410 = ORIENTED_EDGE ( 'NONE', *, *, #1691, .F. ) ;
#1411 = DIRECTION ( 'NONE',  ( -0.000000000000000000, 1.000000000000000000, -0.000000000000000000 ) ) ;
#1412 = DIRECTION ( 'NONE',  ( -0.000000000000000000, 0.000000000000000000, 1.000000000000000000 ) ) ;
#1413 = DIRECTION ( 'NONE',  ( 0.000000000000000000, -2.593369692312041963E-17, 1.000000000000000000 ) ) ;
#1414 = LINE ( 'NONE', #1121, #1077 ) ;
#1415 = ORIENTED_EDGE ( 'NONE', *, *, #259, .T. ) ;
#1416 = EDGE_CURVE ( 'NONE', #1030, #682, #1330, .T. ) ;
#1417 = AXIS2_PLACEMENT_3D ( 'NONE', #696, #425, #40 ) ;
#1418 = FACE_OUTER_BOUND ( 'NONE', #391, .T. ) ;
#1419 = CIRCLE ( 'NONE', #1247, 3.499999999999999556 ) ;
#1420 = PLANE ( 'NONE',  #886 ) ;
#1421 = VECTOR ( 'NONE', #1507, 1000.000000000000000 ) ;
#1422 = CARTESIAN_POINT ( 'NONE',  ( 12.34999999999999964, 26.99999999999990408, 0.000000000000000000 ) ) ;
#1423 = DIRECTION ( 'NONE',  ( 0.000000000000000000, 1.000000000000000000, 0.000000000000000000 ) ) ;
#1424 = VERTEX_POINT ( 'NONE', #1324 ) ;
#1425 = DIRECTION ( 'NONE',  ( -0.000000000000000000, -0.000000000000000000, 1.000000000000000000 ) ) ;
#1426 = CARTESIAN_POINT ( 'NONE',  ( 20.00000000000000000, 3.000000000000001332, -42.50000000000000000 ) ) ;
#1427 = CARTESIAN_POINT ( 'NONE',  ( -19.00000000000000000, 1.301042606982605321E-15, -41.50000000000000000 ) ) ;
#1428 = AXIS2_PLACEMENT_3D ( 'NONE', #726, #1099, #1494 ) ;
#1429 = PERSON_AND_ORGANIZATION ( #807, #1502 ) ;
#1430 = AXIS2_PLACEMENT_3D ( 'NONE', #207, #1503, #319 ) ;
#1431 = CIRCLE ( 'NONE', #762, 1.600000000000000755 ) ;
#1432 = AXIS2_PLACEMENT_3D ( 'NONE', #1044, #1464, #398 ) ;
#1433 = VERTEX_POINT ( 'NONE', #1193 ) ;
#1434 = DIRECTION ( 'NONE',  ( 0.000000000000000000, 0.000000000000000000, 1.000000000000000000 ) ) ;
#1435 = DIRECTION ( 'NONE',  ( 0.000000000000000000, -1.000000000000000000, -2.593369692312041346E-17 ) ) ;
#1436 = EDGE_CURVE ( 'NONE', #324, #610, #1064, .T. ) ;
#1437 = DIRECTION ( 'NONE',  ( -1.000000000000000000, -0.000000000000000000, -0.000000000000000000 ) ) ;
#1438 = EDGE_CURVE ( 'NONE', #610, #131, #1466, .T. ) ;
#1439 = MECHANICAL_CONTEXT ( 'NONE', #1242, 'mechanical' ) ;
#1440 = PRODUCT_RELATED_PRODUCT_CATEGORY ( 'detail', '', ( #1291 ) ) ;
#1441 = EDGE_LOOP ( 'NONE', ( #1200, #913, #1635, #929 ) ) ;
#1442 = LINE ( 'NONE', #736, #1173 ) ;
#1443 = DIRECTION ( 'NONE',  ( 1.000000000000000000, 0.000000000000000000, 0.000000000000000000 ) ) ;
#1444 = CARTESIAN_POINT ( 'NONE',  ( 20.00000000000000000, 3.500000000000000444, 0.000000000000000000 ) ) ;
#1445 = AXIS2_PLACEMENT_3D ( 'NONE', #722, #335, #204 ) ;
#1446 = DATE_AND_TIME ( #1297, #1605 ) ;
#1447 = ADVANCED_FACE ( 'NONE', ( #166, #120, #240, #769, #1045, #639, #1167, #1123 ), #1537, .T. ) ;
#1448 = EDGE_LOOP ( 'NONE', ( #1289, #597, #819, #223 ) ) ;
#1449 = DIRECTION ( 'NONE',  ( -1.000000000000000000, -0.000000000000000000, -0.000000000000000000 ) ) ;
#1450 = DIRECTION ( 'NONE',  ( 0.000000000000000000, 0.000000000000000000, -1.000000000000000000 ) ) ;
#1451 = EDGE_LOOP ( 'NONE', ( #829, #165, #654, #128 ) ) ;
#1452 = CARTESIAN_POINT ( 'NONE',  ( -15.00000000000000000, 2.239093028291796329E-17, -12.24999999999999467 ) ) ;
#1453 = PERSON_AND_ORGANIZATION ( #807, #1502 ) ;
#1454 = EDGE_CURVE ( 'NONE', #1043, #687, #440, .T. ) ;
#1455 = AXIS2_PLACEMENT_3D ( 'NONE', #1286, #340, #98 ) ;
#1456 = AXIS2_PLACEMENT_3D ( 'NONE', #644, #119, #404 ) ;
#1457 = ORIENTED_EDGE ( 'NONE', *, *, #1690, .T. ) ;
#1458 = CARTESIAN_POINT ( 'NONE',  ( 20.00000000000000000, 3.000000000000001332, -41.50000000000000000 ) ) ;
#1459 = DIRECTION ( 'NONE',  ( -0.000000000000000000, -0.000000000000000000, 1.000000000000000000 ) ) ;
#1460 = ORIENTED_EDGE ( 'NONE', *, *, #766, .T. ) ;
#1461 = FACE_OUTER_BOUND ( 'NONE', #1627, .T. ) ;
#1462 = APPROVAL_DATE_TIME ( #1163, #18 ) ;
#1463 = ORIENTED_EDGE ( 'NONE', *, *, #135, .F. ) ;
#1464 = DIRECTION ( 'NONE',  ( -0.000000000000000000, -0.000000000000000000, 1.000000000000000000 ) ) ;
#1465 = EDGE_CURVE ( 'NONE', #1208, #439, #688, .T. ) ;
#1466 = LINE ( 'NONE', #1357, #1499 ) ;
#1467 = ORIENTED_EDGE ( 'NONE', *, *, #810, .F. ) ;
#1468 = DIRECTION ( 'NONE',  ( 1.000000000000000000, 0.000000000000000000, 0.000000000000000000 ) ) ;
#1469 = AXIS2_PLACEMENT_3D ( 'NONE', #1648, #1493, #1108 ) ;
#1470 = CONICAL_SURFACE ( 'NONE', #1140, 3.149999999999999911, 0.7853981633974490562 ) ;
#1471 = EDGE_LOOP ( 'NONE', ( #1109, #1325 ) ) ;
#1472 = AXIS2_PLACEMENT_3D ( 'NONE', #787, #266, #1588 ) ;
#1473 = ORIENTED_EDGE ( 'NONE', *, *, #919, .F. ) ;
#1474 = ORIENTED_EDGE ( 'NONE', *, *, #1454, .T. ) ;
#1475 = CYLINDRICAL_SURFACE ( 'NONE', #99, 1.600000000000000755 ) ;
#1476 = EDGE_CURVE ( 'NONE', #1022, #410, #1665, .T. ) ;
#1477 = VERTEX_POINT ( 'NONE', #1385 ) ;
#1478 = DIRECTION ( 'NONE',  ( 0.000000000000000000, 0.000000000000000000, -1.000000000000000000 ) ) ;
#1479 = ORIENTED_EDGE ( 'NONE', *, *, #872, .F. ) ;
#1480 = CIRCLE ( 'NONE', #980, 1.600000000000000755 ) ;
#1481 = ORIENTED_EDGE ( 'NONE', *, *, #960, .F. ) ;
#1482 = DIRECTION ( 'NONE',  ( 1.000000000000000000, 0.000000000000000000, 0.000000000000000000 ) ) ;
#1483 = CONICAL_SURFACE ( 'NONE', #734, 3.149999999999999911, 0.7853981633974490562 ) ;
#1484 = VERTEX_POINT ( 'NONE', #1654 ) ;
#1485 = CARTESIAN_POINT ( 'NONE',  ( -19.00000000000000000, 3.000000000000001332, -42.50000000000000000 ) ) ;
#1486 = EDGE_CURVE ( 'NONE', #1500, #1477, #1144, .T. ) ;
#1487 = LINE ( 'NONE', #172, #447 ) ;
#1488 = EDGE_CURVE ( 'NONE', #147, #255, #174, .T. ) ;
#1489 = EDGE_LOOP ( 'NONE', ( #524, #1400 ) ) ;
#1490 = EDGE_LOOP ( 'NONE', ( #1085, #1221, #567, #1234 ) ) ;
#1491 = FACE_OUTER_BOUND ( 'NONE', #1451, .T. ) ;
#1492 = ORIENTED_EDGE ( 'NONE', *, *, #449, .F. ) ;
#1493 = DIRECTION ( 'NONE',  ( -0.000000000000000000, -1.000000000000000000, -1.827831043503507915E-18 ) ) ;
#1494 = DIRECTION ( 'NONE',  ( 0.000000000000000000, 1.827831043503507530E-18, -1.000000000000000000 ) ) ;
#1495 = ADVANCED_FACE ( 'NONE', ( #1527 ), #344, .F. ) ;
#1496 = VERTEX_POINT ( 'NONE', #568 ) ;
#1497 = VECTOR ( 'NONE', #1402, 1000.000000000000000 ) ;
#1498 = DIRECTION ( 'NONE',  ( 0.000000000000000000, -1.000000000000000000, 0.000000000000000000 ) ) ;
#1499 = VECTOR ( 'NONE', #900, 1000.000000000000000 ) ;
#1500 = VERTEX_POINT ( 'NONE', #1398 ) ;
#1501 = CARTESIAN_POINT ( 'NONE',  ( 15.00000000000000000, 5.986146667473987670E-17, -32.74999999999999289 ) ) ;
#1502 = ORGANIZATION ( '未指定', '未指定', '' ) ;
#1503 = DIRECTION ( 'NONE',  ( -0.000000000000000000, -0.000000000000000000, 1.000000000000000000 ) ) ;
#1504 = DIRECTION ( 'NONE',  ( -0.000000000000000000, -1.000000000000000000, -1.827831043503507915E-18 ) ) ;
#1505 = DIRECTION ( 'NONE',  ( 1.000000000000000000, 0.000000000000000000, 0.000000000000000000 ) ) ;
#1506 = ORIENTED_EDGE ( 'NONE', *, *, #1274, .T. ) ;
#1507 = DIRECTION ( 'NONE',  ( -0.000000000000000000, -0.000000000000000000, 1.000000000000000000 ) ) ;
#1508 = ADVANCED_FACE ( 'NONE', ( #830 ), #888, .F. ) ;
#1509 = ORIENTED_EDGE ( 'NONE', *, *, #28, .F. ) ;
#1510 = CARTESIAN_POINT ( 'NONE',  ( 0.000000000000000000, 27.00000000000000000, 0.000000000000000000 ) ) ;
#1511 = AXIS2_PLACEMENT_3D ( 'NONE', #321, #1624, #1651 ) ;
#1512 = CARTESIAN_POINT ( 'NONE',  ( 7.750000000000062172, 40.42339375865876860, -1.549999999999998934 ) ) ;
#1513 = CARTESIAN_POINT ( 'NONE',  ( -9.350000000000154188, 13.57660624134129712, -3.000000000000000000 ) ) ;
#1514 = APPROVAL ( #656, '未指定' ) ;
#1515 = VECTOR ( 'NONE', #618, 1000.000000000000000 ) ;
#1516 = CARTESIAN_POINT ( 'NONE',  ( 4.600000000000062705, 40.42339375865876860, 0.000000000000000000 ) ) ;
#1517 = EDGE_LOOP ( 'NONE', ( #1316, #302 ) ) ;
#1518 = CARTESIAN_POINT ( 'NONE',  ( -15.00000000000000000, 3.000000000000000888, -34.49999999999999289 ) ) ;
#1519 = VERTEX_POINT ( 'NONE', #429 ) ;
#1520 = CYLINDRICAL_SURFACE ( 'NONE', #1650, 1.600000000000000755 ) ;
#1521 = EDGE_CURVE ( 'NONE', #1713, #487, #825, .T. ) ;
#1522 = FACE_BOUND ( 'NONE', #441, .T. ) ;
#1523 = LINE ( 'NONE', #188, #1497 ) ;
#1524 = CARTESIAN_POINT ( 'NONE',  ( 4.600000000000062705, 40.42339375865876860, 0.000000000000000000 ) ) ;
#1525 = DIRECTION ( 'NONE',  ( -0.000000000000000000, -1.000000000000000000, -1.827831043503507915E-18 ) ) ;
#1526 = ORIENTED_EDGE ( 'NONE', *, *, #642, .F. ) ;
#1527 = FACE_OUTER_BOUND ( 'NONE', #792, .T. ) ;
#1528 = CIRCLE ( 'NONE', #1076, 1.600000000000000755 ) ;
#1529 = DIRECTION ( 'NONE',  ( -0.000000000000000000, 0.000000000000000000, 1.000000000000000000 ) ) ;
#1530 = VECTOR ( 'NONE', #513, 1000.000000000000000 ) ;
#1531 = CARTESIAN_POINT ( 'NONE',  ( -6.500000000000000888, 34.00000000000000000, 0.000000000000000000 ) ) ;
#1532 = DIRECTION ( 'NONE',  ( -0.000000000000000000, -0.000000000000000000, 1.000000000000000000 ) ) ;
#1533 = EDGE_CURVE ( 'NONE', #1586, #1408, #24, .T. ) ;
#1534 = LINE ( 'NONE', #754, #1616 ) ;
#1535 = LINE ( 'NONE', #866, #111 ) ;
#1536 = VERTEX_POINT ( 'NONE', #1273 ) ;
#1537 = PLANE ( 'NONE',  #1445 ) ;
#1538 = ORIENTED_EDGE ( 'NONE', *, *, #1379, .T. ) ;
#1539 = CARTESIAN_POINT ( 'NONE',  ( -20.00000000000000000, 3.500000000000000444, 0.000000000000000000 ) ) ;
#1540 = LINE ( 'NONE', #347, #1138 ) ;
#1541 = AXIS2_PLACEMENT_3D ( 'NONE', #12, #256, #1478 ) ;
#1542 = DIRECTION ( 'NONE',  ( -0.000000000000000000, -0.000000000000000000, 1.000000000000000000 ) ) ;
#1543 = AXIS2_PLACEMENT_3D ( 'NONE', #490, #1283, #608 ) ;
#1544 =( NAMED_UNIT ( * ) PLANE_ANGLE_UNIT ( ) SI_UNIT ( $, .RADIAN. ) );
#1545 = EDGE_LOOP ( 'NONE', ( #1473, #1474, #538, #238 ) ) ;
#1546 = EDGE_CURVE ( 'NONE', #1536, #1500, #1634, .T. ) ;
#1547 = CARTESIAN_POINT ( 'NONE',  ( -13.89999999999999680, 27.00000000000000355, -10.00000000000000000 ) ) ;
#1548 = FACE_OUTER_BOUND ( 'NONE', #994, .T. ) ;
#1549 = CARTESIAN_POINT ( 'NONE',  ( -15.49999999999999822, 27.00000000000000355, -10.00000000000000000 ) ) ;
#1550 = CARTESIAN_POINT ( 'NONE',  ( 20.00000000000000000, 1.102182119232617714E-15, -42.50000000000000000 ) ) ;
#1551 = APPLICATION_PROTOCOL_DEFINITION ( 'international standard', 'config_control_design', 1994, #1242 ) ;
#1552 = ORIENTED_EDGE ( 'NONE', *, *, #449, .T. ) ;
#1553 = EDGE_CURVE ( 'NONE', #183, #1611, #1376, .T. ) ;
#1554 = CIRCLE ( 'NONE', #83, 1.749999999999999778 ) ;
#1555 = DIRECTION ( 'NONE',  ( 0.000000000000000000, 2.593369692312041346E-17, -1.000000000000000000 ) ) ;
#1556 = CIRCLE ( 'NONE', #272, 3.149999999999999911 ) ;
#1557 = CARTESIAN_POINT ( 'NONE',  ( -7.749999999999978684, 40.42339375865881834, -10.00000000000000000 ) ) ;
#1558 = FACE_BOUND ( 'NONE', #109, .T. ) ;
#1559 = ADVANCED_FACE ( 'NONE', ( #1235 ), #1366, .F. ) ;
#1560 = CARTESIAN_POINT ( 'NONE',  ( 7.749999999999874767, 13.57660624134113192, -1.549999999999998934 ) ) ;
#1561 = DIRECTION ( 'NONE',  ( 1.000000000000000000, 0.000000000000000000, 0.000000000000000000 ) ) ;
#1562 = LINE ( 'NONE', #1162, #669 ) ;
#1563 = AXIS2_PLACEMENT_3D ( 'NONE', #1427, #1017, #600 ) ;
#1564 = AXIS2_PLACEMENT_3D ( 'NONE', #967, #307, #1371 ) ;
#1565 = CIRCLE ( 'NONE', #1619, 1.000000000000000888 ) ;
#1566 = VECTOR ( 'NONE', #1361, 1000.000000000000000 ) ;
#1567 = ORIENTED_EDGE ( 'NONE', *, *, #259, .F. ) ;
#1568 = FACE_BOUND ( 'NONE', #136, .T. ) ;
#1569 = DIRECTION ( 'NONE',  ( 0.000000000000000000, 0.000000000000000000, -1.000000000000000000 ) ) ;
#1570 = EDGE_CURVE ( 'NONE', #682, #1030, #1556, .T. ) ;
#1571 = DIRECTION ( 'NONE',  ( 1.000000000000000000, 0.000000000000000000, 0.000000000000000000 ) ) ;
#1572 = APPROVAL_ROLE ( '' ) ;
#1573 = ORIENTED_EDGE ( 'NONE', *, *, #993, .F. ) ;
#1574 = LINE ( 'NONE', #1715, #1152 ) ;
#1575 = CARTESIAN_POINT ( 'NONE',  ( -15.49999999999999822, 27.00000000000000355, -1.549999999999998934 ) ) ;
#1576 = VECTOR ( 'NONE', #408, 1000.000000000000000 ) ;
#1577 = ORIENTED_EDGE ( 'NONE', *, *, #1060, .F. ) ;
#1578 = AXIS2_PLACEMENT_3D ( 'NONE', #923, #1435, #1039 ) ;
#1579 = CARTESIAN_POINT ( 'NONE',  ( -4.600000000000152411, 13.57660624134129712, 0.000000000000000000 ) ) ;
#1580 = EDGE_CURVE ( 'NONE', #1661, #1298, #716, .T. ) ;
#1581 = CIRCLE ( 'NONE', #435, 1.750000000000001554 ) ;
#1582 =( GEOMETRIC_REPRESENTATION_CONTEXT ( 3 ) GLOBAL_UNCERTAINTY_ASSIGNED_CONTEXT ( ( #297 ) ) GLOBAL_UNIT_ASSIGNED_CONTEXT ( ( #79, #1544, #747 ) ) REPRESENTATION_CONTEXT ( 'NONE', 'WORKASPACE' ) );
#1583 = ORIENTED_EDGE ( 'NONE', *, *, #514, .F. ) ;
#1584 = DIRECTION ( 'NONE',  ( -0.000000000000000000, -0.000000000000000000, 1.000000000000000000 ) ) ;
#1585 = DIRECTION ( 'NONE',  ( 1.000000000000000000, 0.000000000000000000, 0.000000000000000000 ) ) ;
#1586 = VERTEX_POINT ( 'NONE', #1134 ) ;
#1587 = FACE_OUTER_BOUND ( 'NONE', #1212, .T. ) ;
#1588 = DIRECTION ( 'NONE',  ( 1.000000000000000000, 0.000000000000000000, 0.000000000000000000 ) ) ;
#1589 = AXIS2_PLACEMENT_3D ( 'NONE', #1186, #278, #539 ) ;
#1590 = ADVANCED_FACE ( 'NONE', ( #1663 ), #1470, .F. ) ;
#1591 = AXIS2_PLACEMENT_3D ( 'NONE', #661, #1584, #10 ) ;
#1592 = ORIENTED_EDGE ( 'NONE', *, *, #1029, .F. ) ;
#1593 = CARTESIAN_POINT ( 'NONE',  ( -9.350000000000152411, 13.57660624134129712, -1.549999999999998934 ) ) ;
#1594 = CARTESIAN_POINT ( 'NONE',  ( 19.00000000000000000, 1.102182119232617714E-15, -42.50000000000000000 ) ) ;
#1595 = ORIENTED_EDGE ( 'NONE', *, *, #1580, .T. ) ;
#1596 = DIRECTION ( 'NONE',  ( 0.000000000000000000, 0.000000000000000000, -1.000000000000000000 ) ) ;
#1597 = PERSON_AND_ORGANIZATION ( #807, #1502 ) ;
#1598 = EDGE_CURVE ( 'NONE', #1496, #693, #578, .T. ) ;
#1599 = VERTEX_POINT ( 'NONE', #1014 ) ;
#1600 = CYLINDRICAL_SURFACE ( 'NONE', #178, 1.750000000000001554 ) ;
#1601 = ORIENTED_EDGE ( 'NONE', *, *, #267, .T. ) ;
#1602 = CARTESIAN_POINT ( 'NONE',  ( 20.00000000000000000, 1.102182119232617714E-15, -42.50000000000000000 ) ) ;
#1603 = AXIS2_PLACEMENT_3D ( 'NONE', #1277, #367, #1561 ) ;
#1604 = AXIS2_PLACEMENT_3D ( 'NONE', #323, #604, #213 ) ;
#1605 = LOCAL_TIME ( 14, 50, 6.000000000000000000, #1068 ) ;
#1606 = ORIENTED_EDGE ( 'NONE', *, *, #1454, .F. ) ;
#1607 = ADVANCED_FACE ( 'NONE', ( #480 ), #854, .F. ) ;
#1608 = ORIENTED_EDGE ( 'NONE', *, *, #326, .F. ) ;
#1609 = DIRECTION ( 'NONE',  ( 0.000000000000000000, 0.000000000000000000, -1.000000000000000000 ) ) ;
#1610 = EDGE_CURVE ( 'NONE', #711, #473, #70, .T. ) ;
#1611 = VERTEX_POINT ( 'NONE', #1407 ) ;
#1612 = FACE_OUTER_BOUND ( 'NONE', #1683, .T. ) ;
#1613 = EDGE_LOOP ( 'NONE', ( #52, #827, #252, #935 ) ) ;
#1614 = CARTESIAN_POINT ( 'NONE',  ( 6.149999999999876010, 13.57660624134113192, -1.549999999999998934 ) ) ;
#1615 = ORIENTED_EDGE ( 'NONE', *, *, #279, .T. ) ;
#1616 = VECTOR ( 'NONE', #1413, 1000.000000000000000 ) ;
#1617 = EDGE_LOOP ( 'NONE', ( #1104, #489, #185, #1552 ) ) ;
#1618 = FACE_OUTER_BOUND ( 'NONE', #1617, .T. ) ;
#1619 = AXIS2_PLACEMENT_3D ( 'NONE', #803, #151, #914 ) ;
#1620 = DIRECTION ( 'NONE',  ( -2.478176394252581141E-16, 1.000000000000000000, 0.000000000000000000 ) ) ;
#1621 = DIRECTION ( 'NONE',  ( 0.000000000000000000, 0.000000000000000000, -1.000000000000000000 ) ) ;
#1622 = ORIENTED_EDGE ( 'NONE', *, *, #199, .F. ) ;
#1623 = ADVANCED_FACE ( 'NONE', ( #1396 ), #756, .F. ) ;
#1624 = DIRECTION ( 'NONE',  ( -0.000000000000000000, 1.000000000000000000, 2.593369692312041346E-17 ) ) ;
#1625 = ORIENTED_EDGE ( 'NONE', *, *, #1465, .T. ) ;
#1626 = DIRECTION ( 'NONE',  ( 1.000000000000000000, 0.000000000000000000, 0.000000000000000000 ) ) ;
#1627 = EDGE_LOOP ( 'NONE', ( #788, #451, #1653, #219 ) ) ;
#1628 = DIRECTION ( 'NONE',  ( -0.000000000000000000, -0.000000000000000000, 1.000000000000000000 ) ) ;
#1629 = ORIENTED_EDGE ( 'NONE', *, *, #1060, .T. ) ;
#1630 = DIRECTION ( 'NONE',  ( 1.000000000000000000, 0.000000000000000000, 0.000000000000000000 ) ) ;
#1631 = EDGE_CURVE ( 'NONE', #324, #1011, #1535, .T. ) ;
#1632 = DIRECTION ( 'NONE',  ( -0.000000000000000000, -0.000000000000000000, 1.000000000000000000 ) ) ;
#1633 = EDGE_LOOP ( 'NONE', ( #956, #1567, #558, #1606 ) ) ;
#1634 = LINE ( 'NONE', #312, #1421 ) ;
#1635 = ORIENTED_EDGE ( 'NONE', *, *, #1125, .T. ) ;
#1636 = FACE_OUTER_BOUND ( 'NONE', #703, .T. ) ;
#1637 = FACE_BOUND ( 'NONE', #160, .T. ) ;
#1638 = DIRECTION ( 'NONE',  ( -0.000000000000000000, -0.000000000000000000, 1.000000000000000000 ) ) ;
#1639 = DIRECTION ( 'NONE',  ( 0.000000000000000000, -0.000000000000000000, 1.000000000000000000 ) ) ;
#1640 = EDGE_LOOP ( 'NONE', ( #624, #840, #962, #430 ) ) ;
#1641 = DIRECTION ( 'NONE',  ( 0.000000000000000000, -1.827831043503509070E-18, 1.000000000000000000 ) ) ;
#1642 = EDGE_CURVE ( 'NONE', #1599, #1037, #1414, .T. ) ;
#1643 = EDGE_LOOP ( 'NONE', ( #1676, #1367, #606, #577 ) ) ;
#1644 = CARTESIAN_POINT ( 'NONE',  ( 20.00000000000000000, 3.000000000000000444, -3.500000000000001332 ) ) ;
#1645 = CIRCLE ( 'NONE', #1511, 1.000000000000000888 ) ;
#1646 = AXIS2_PLACEMENT_3D ( 'NONE', #834, #432, #180 ) ;
#1647 = DIRECTION ( 'NONE',  ( -0.000000000000000000, -1.000000000000000000, -1.827831043503507915E-18 ) ) ;
#1648 = CARTESIAN_POINT ( 'NONE',  ( 15.00000000000000000, 10.00000000000000000, -34.49999999999999289 ) ) ;
#1649 = AXIS2_PLACEMENT_3D ( 'NONE', #1209, #1449, #652 ) ;
#1650 = AXIS2_PLACEMENT_3D ( 'NONE', #841, #1218, #1378 ) ;
#1651 = DIRECTION ( 'NONE',  ( 0.000000000000000000, 0.000000000000000000, -1.000000000000000000 ) ) ;
#1652 = DIRECTION ( 'NONE',  ( 0.000000000000000000, -1.000000000000000000, -2.593369692312041346E-17 ) ) ;
#1653 = ORIENTED_EDGE ( 'NONE', *, *, #364, .T. ) ;
#1654 = CARTESIAN_POINT ( 'NONE',  ( 9.350000000000065370, 40.42339375865876860, -3.000000000000000000 ) ) ;
#1655 = LINE ( 'NONE', #431, #283 ) ;
#1656 = EDGE_CURVE ( 'NONE', #1408, #1148, #594, .T. ) ;
#1657 = DIRECTION ( 'NONE',  ( -0.000000000000000000, -0.000000000000000000, 1.000000000000000000 ) ) ;
#1658 = CYLINDRICAL_SURFACE ( 'NONE', #686, 1.600000000000000755 ) ;
#1659 = DIRECTION ( 'NONE',  ( 0.000000000000000000, -1.000000000000000000, -1.827831043503507915E-18 ) ) ;
#1660 = CARTESIAN_POINT ( 'NONE',  ( -15.00000000000000000, 10.00000000000000000, -36.25000000000000000 ) ) ;
#1661 = VERTEX_POINT ( 'NONE', #1131 ) ;
#1662 = ORIENTED_EDGE ( 'NONE', *, *, #575, .T. ) ;
#1663 = FACE_OUTER_BOUND ( 'NONE', #783, .T. ) ;
#1664 = CONICAL_SURFACE ( 'NONE', #134, 3.149999999999999911, 0.7853981633974490562 ) ;
#1665 = CIRCLE ( 'NONE', #163, 1.599999999999998979 ) ;
#1666 = EDGE_CURVE ( 'NONE', #309, #805, #1359, .T. ) ;
#1667 = EDGE_LOOP ( 'NONE', ( #1271, #1132, #663, #1075 ) ) ;
#1668 = CARTESIAN_POINT ( 'NONE',  ( 20.00000000000000000, 3.000000000000001332, -42.50000000000000000 ) ) ;
#1669 = CARTESIAN_POINT ( 'NONE',  ( 20.00000000000000000, 3.500000000000000444, -41.50000000000000000 ) ) ;
#1670 = EDGE_CURVE ( 'NONE', #1078, #667, #84, .T. ) ;
#1671 = FACE_BOUND ( 'NONE', #748, .T. ) ;
#1672 = DIRECTION ( 'NONE',  ( 0.000000000000000000, 0.000000000000000000, -1.000000000000000000 ) ) ;
#1673 = ORIENTED_EDGE ( 'NONE', *, *, #59, .F. ) ;
#1674 = DIRECTION ( 'NONE',  ( -0.000000000000000000, -0.000000000000000000, 1.000000000000000000 ) ) ;
#1675 = ORIENTED_EDGE ( 'NONE', *, *, #611, .T. ) ;
#1676 = ORIENTED_EDGE ( 'NONE', *, *, #902, .F. ) ;
#1677 = DIRECTION ( 'NONE',  ( 1.000000000000000000, 0.000000000000000000, 0.000000000000000000 ) ) ;
#1678 = DIRECTION ( 'NONE',  ( -1.000000000000000000, 0.000000000000000000, -0.000000000000000000 ) ) ;
#1679 = AXIS2_PLACEMENT_3D ( 'NONE', #764, #1404, #1130 ) ;
#1680 = CARTESIAN_POINT ( 'NONE',  ( 9.350000000000065370, 40.42339375865876860, -10.00000000000000000 ) ) ;
#1681 = CONICAL_SURFACE ( 'NONE', #1172, 3.149999999999999911, 0.7853981633974485010 ) ;
#1682 = EDGE_CURVE ( 'NONE', #755, #183, #521, .T. ) ;
#1683 = EDGE_LOOP ( 'NONE', ( #479, #848, #1492, #1457 ) ) ;
#1684 = DIRECTION ( 'NONE',  ( -0.000000000000000000, -0.000000000000000000, 1.000000000000000000 ) ) ;
#1685 = ORIENTED_EDGE ( 'NONE', *, *, #960, .T. ) ;
#1686 = VERTEX_POINT ( 'NONE', #100 ) ;
#1687 = PLANE ( 'NONE',  #485 ) ;
#1688 = CARTESIAN_POINT ( 'NONE',  ( -20.00000000000000000, 3.500000000000000444, -3.000000000000000000 ) ) ;
#1689 = FACE_BOUND ( 'NONE', #1471, .T. ) ;
#1690 = EDGE_CURVE ( 'NONE', #14, #324, #1280, .T. ) ;
#1691 = EDGE_CURVE ( 'NONE', #309, #515, #1253, .T. ) ;
#1692 = ORIENTED_EDGE ( 'NONE', *, *, #463, .F. ) ;
#1693 = CARTESIAN_POINT ( 'NONE',  ( -20.00000000000000000, 27.00000000000000000, 0.000000000000000000 ) ) ;
#1694 = VECTOR ( 'NONE', #1674, 1000.000000000000000 ) ;
#1695 = FACE_OUTER_BOUND ( 'NONE', #268, .T. ) ;
#1696 = CIRCLE ( 'NONE', #195, 1.599999999999998979 ) ;
#1697 = LINE ( 'NONE', #78, #586 ) ;
#1698 = SHAPE_DEFINITION_REPRESENTATION ( #885, #1081 ) ;
#1699 = EDGE_CURVE ( 'NONE', #75, #1208, #989, .T. ) ;
#1700 = EDGE_LOOP ( 'NONE', ( #212, #1231, #1243, #428 ) ) ;
#1701 = DIRECTION ( 'NONE',  ( 0.000000000000000000, 0.000000000000000000, 1.000000000000000000 ) ) ;
#1702 = CARTESIAN_POINT ( 'NONE',  ( 20.00000000000000000, 3.500000000000000444, -3.000000000000000000 ) ) ;
#1703 = CARTESIAN_POINT ( 'NONE',  ( -15.00000000000000000, 10.00000000000000000, -10.49999999999999467 ) ) ;
#1704 = AXIS2_PLACEMENT_3D ( 'NONE', #690, #1233, #1261 ) ;
#1705 = CIRCLE ( 'NONE', #648, 6.500000000000000888 ) ;
#1706 = EDGE_CURVE ( 'NONE', #275, #1686, #857, .T. ) ;
#1707 = EDGE_LOOP ( 'NONE', ( #1506, #1272 ) ) ;
#1708 = DIRECTION ( 'NONE',  ( 1.000000000000000000, 0.000000000000000000, 0.000000000000000000 ) ) ;
#1709 = DIRECTION ( 'NONE',  ( 1.000000000000000000, 0.000000000000000000, 0.000000000000000000 ) ) ;
#1710 = EDGE_LOOP ( 'NONE', ( #719, #542, #1343, #905 ) ) ;
#1711 = CARTESIAN_POINT ( 'NONE',  ( -7.749999999999978684, 40.42339375865881834, 0.000000000000000000 ) ) ;
#1712 = APPROVAL_DATE_TIME ( #533, #812 ) ;
#1713 = VERTEX_POINT ( 'NONE', #218 ) ;
#1714 = ORIENTED_EDGE ( 'NONE', *, *, #1314, .T. ) ;
#1715 = CARTESIAN_POINT ( 'NONE',  ( 19.00000000000000000, 3.000000000000001332, -42.50000000000000000 ) ) ;
#1716 = DIRECTION ( 'NONE',  ( 0.000000000000000000, -1.000000000000000000, -1.827831043503507915E-18 ) ) ;
#1717 = ORIENTED_EDGE ( 'NONE', *, *, #7, .T. ) ;
#1718 = DIRECTION ( 'NONE',  ( 0.7071067811865481278, 0.000000000000000000, 0.7071067811865470176 ) ) ;
#1719 = EDGE_CURVE ( 'NONE', #693, #571, #1696, .T. ) ;
#1720 = AXIS2_PLACEMENT_3D ( 'NONE', #820, #1459, #1626 ) ;
ENDSEC;
END-ISO-10303-21;
